pcap,frame,time,cmd_frame,session,cmd_dest,cmd_total_len,payload_len,video_type,data_len,sequence,hint,width_field,height_field,canvas_width,canvas_height,start_addr,end_addr,image_format,jpeg_soi_offset,jpeg_width,jpeg_height,vram_span
2026-06-19_jua365_win_02_hdmi1_hotplug.pcapng,516,0.244452000,514,0,53463008,12256,12256,7,12208,7998,6,64,544,1920,1920,48,2089008,13,48,64,544,2088960
2026-06-19_jua365_win_02_hdmi1_hotplug.pcapng,580,0.936751000,578,0,54712192,12256,12256,7,12208,8001,6,64,544,1920,1920,12932496,15021456,13,48,64,544,2088960
2026-06-19_jua365_win_02_hdmi1_hotplug.pcapng,640,1.003025000,638,0,55778048,12256,12256,7,12208,8005,6,64,544,1920,1920,25864944,27953904,13,48,64,544,2088960
2026-06-19_jua365_win_02_hdmi1_hotplug.pcapng,685,1.037105000,683,0,55993024,4064,4064,7,4016,8007,6,64,96,1920,1920,25864944,27953904,13,48,64,96,2088960
2026-06-19_jua365_win_02_hdmi1_hotplug.pcapng,689,1.038003000,687,0,55997088,74720,74720,7,74672,8008,6,1824,96,1920,1920,25865040,27954000,13,48,1824,96,2088960
2026-06-19_jua365_win_02_hdmi1_hotplug.pcapng,695,1.038692000,693,0,56071808,21472,21472,7,21424,8009,6,64,1016,1920,1920,25987824,28015344,13,48,64,1016,2027520
2026-06-19_jua365_win_02_hdmi1_hotplug.pcapng,782,1.069643000,780,0,56402496,4064,4064,7,4016,8011,6,64,96,1920,1920,25864944,27953904,13,48,64,96,2088960
2026-06-19_jua365_win_02_hdmi1_hotplug.pcapng,786,1.070368000,784,0,56406560,74720,74720,7,74672,8012,6,1824,96,1920,1920,25865040,27954000,13,48,1824,96,2088960
2026-06-19_jua365_win_02_hdmi1_hotplug.pcapng,790,1.071083000,788,0,56481280,11232,11232,7,11184,8013,6,64,480,1920,1920,25987824,28015344,13,48,64,480,2027520
2026-06-19_jua365_win_02_hdmi1_hotplug.pcapng,861,1.103328000,859,0,56805792,74720,74720,7,74672,8016,6,1824,96,1920,1920,25865040,27954000,13,48,1824,96,2088960
2026-06-19_jua365_win_02_hdmi1_hotplug.pcapng,868,1.103988000,866,0,56880512,11232,11232,7,11184,8017,6,64,480,1920,1920,25987824,28015344,13,48,64,480,2027520
2026-06-19_jua365_win_02_hdmi1_hotplug.pcapng,1013,1.169839000,1011,0,57712896,12256,12256,7,12208,8021,6,64,544,1920,1920,25864944,27953904,13,48,64,544,2088960
2026-06-19_jua365_win_02_hdmi1_hotplug.pcapng,1105,1.203206000,1103,0,58070208,12256,12256,7,12208,8023,6,64,544,1920,1920,25864944,27953904,13,48,64,544,2088960
2026-06-19_jua365_win_02_hdmi1_hotplug.pcapng,1133,1.236662000,1131,0,58285184,12256,12256,7,12208,8025,6,64,544,1920,1920,25864944,27953904,13,48,64,544,2088960
2026-06-19_jua365_win_02_hdmi1_hotplug.pcapng,1169,1.271958000,1167,0,58606656,4064,4064,7,4016,8027,6,64,96,1920,1920,25864944,27953904,13,48,64,96,2088960
2026-06-19_jua365_win_02_hdmi1_hotplug.pcapng,1173,1.272127000,1171,0,58610720,4064,4064,7,4016,8028,6,64,96,1920,1920,25866800,27955760,13,48,64,96,2088960
2026-06-19_jua365_win_02_hdmi1_hotplug.pcapng,1177,1.272309000,1175,0,58614784,11232,11232,7,11184,8029,6,64,480,1920,1920,25987824,28015344,13,48,64,480,2027520
2026-06-19_jua365_win_02_hdmi1_hotplug.pcapng,1213,1.304046000,1211,0,58936256,4064,4064,7,4016,8031,6,64,96,1920,1920,25864944,27953904,13,48,64,96,2088960
2026-06-19_jua365_win_02_hdmi1_hotplug.pcapng,1217,1.304219000,1215,0,58940320,6112,6112,7,6064,8032,6,96,96,1920,1920,25866768,27955728,13,48,96,96,2088960
2026-06-19_jua365_win_02_hdmi1_hotplug.pcapng,1221,1.304429000,1219,0,58946432,11232,11232,7,11184,8033,6,64,480,1920,1920,25987824,28015344,13,48,64,480,2027520
2026-06-19_jua365_win_02_hdmi1_hotplug.pcapng,1257,1.336839000,1255,0,59267904,12256,12256,7,12208,8035,6,64,544,1920,1920,25864944,27953904,13,48,64,544,2088960
2026-06-19_jua365_win_02_hdmi1_hotplug.pcapng,1289,1.371813000,1287,0,59489024,4064,4064,7,4016,8037,6,64,96,1920,1920,25864944,27953904,13,48,64,96,2088960
2026-06-19_jua365_win_02_hdmi1_hotplug.pcapng,1297,1.372591000,1295,0,59493088,74720,74720,7,74672,8038,6,1824,96,1920,1920,25865040,27954000,13,48,1824,96,2088960
2026-06-19_jua365_win_02_hdmi1_hotplug.pcapng,1301,1.373221000,1299,0,59567808,11232,11232,7,11184,8039,6,64,480,1920,1920,25987824,28015344,13,48,64,480,2027520
2026-06-19_jua365_win_02_hdmi1_hotplug.pcapng,1335,1.403013000,1333,0,59887232,4064,4064,7,4016,8041,6,64,96,1920,1920,25864944,27953904,13,48,64,96,2088960
2026-06-19_jua365_win_02_hdmi1_hotplug.pcapng,1339,1.403186000,1337,0,59891296,5088,5088,7,5040,8042,6,64,96,1920,1920,25866768,27955728,13,48,64,96,2088960
2026-06-19_jua365_win_02_hdmi1_hotplug.pcapng,1343,1.403342000,1341,0,59896384,11232,11232,7,11184,8043,6,64,480,1920,1920,25987824,28015344,13,48,64,480,2027520
2026-06-19_jua365_win_02_hdmi1_hotplug.pcapng,1381,1.436062000,1377,0,60217856,6112,6112,7,6064,8045,6,96,96,1920,1920,25866768,27955728,13,48,96,96,2088960
2026-06-19_jua365_win_02_hdmi1_hotplug.pcapng,1393,1.453551000,1391,0,60223968,77792,77792,7,77744,8046,6,1888,96,1920,1920,25864976,27953936,13,48,1888,96,2088960
2026-06-19_jua365_win_02_hdmi1_hotplug.pcapng,1405,1.468921000,1403,0,60301760,6112,6112,7,6064,8047,6,96,96,1920,1920,25866768,27955728,13,48,96,96,2088960
2026-06-19_jua365_win_02_hdmi1_hotplug.pcapng,1417,1.487392000,1415,0,60307872,77792,77792,7,77744,8048,6,1888,96,1920,1920,25864976,27953936,13,48,1888,96,2088960
2026-06-19_jua365_win_02_hdmi1_hotplug.pcapng,1427,1.502582000,1425,0,60385664,6112,6112,7,6064,8049,6,96,96,1920,1920,25866768,27955728,13,48,96,96,2088960
2026-06-19_jua365_win_02_hdmi1_hotplug.pcapng,1439,1.520026000,1437,0,60391776,77792,77792,7,77744,8050,6,1888,96,1920,1920,25864976,27953936,13,48,1888,96,2088960
2026-06-19_jua365_win_02_hdmi1_hotplug.pcapng,1449,1.535844000,1447,0,60469568,6112,6112,7,6064,8051,6,96,96,1920,1920,25866768,27955728,13,48,96,96,2088960
2026-06-19_jua365_win_02_hdmi1_hotplug.pcapng,1461,1.553478000,1459,0,60475680,77792,77792,7,77744,8052,6,1888,96,1920,1920,25864976,27953936,13,48,1888,96,2088960
2026-06-19_jua365_win_02_hdmi1_hotplug.pcapng,1473,1.568927000,1471,0,60553472,6112,6112,7,6064,8053,6,96,96,1920,1920,25866768,27955728,13,48,96,96,2088960
2026-06-19_jua365_win_02_hdmi1_hotplug.pcapng,1483,1.586187000,1481,0,60559584,77792,77792,7,77744,8054,6,1888,96,1920,1920,25864976,27953936,13,48,1888,96,2088960
2026-06-19_jua365_win_02_hdmi1_hotplug.pcapng,1495,1.601972000,1493,0,60637376,6112,6112,7,6064,8055,6,96,96,1920,1920,25866768,27955728,13,48,96,96,2088960
2026-06-19_jua365_win_02_hdmi1_hotplug.pcapng,1507,1.620853000,1505,0,60643488,77792,77792,7,77744,8056,6,1888,96,1920,1920,25864976,27953936,13,48,1888,96,2088960
2026-06-19_jua365_win_02_hdmi1_hotplug.pcapng,1517,1.635628000,1515,0,60721280,6112,6112,7,6064,8057,6,96,96,1920,1920,25866768,27955728,13,48,96,96,2088960
2026-06-19_jua365_win_02_hdmi1_hotplug.pcapng,1529,1.653849000,1527,0,60727392,77792,77792,7,77744,8058,6,1888,96,1920,1920,25864976,27953936,13,48,1888,96,2088960
2026-06-19_jua365_win_02_hdmi1_hotplug.pcapng,1547,1.687249000,1545,0,52428800,77792,77792,7,77744,8059,6,1888,96,1920,1920,25864976,27953936,13,48,1888,96,2088960
2026-06-19_jua365_win_02_hdmi1_hotplug.pcapng,1557,1.702213000,1555,0,52506592,6112,6112,7,6064,8060,6,96,96,1920,1920,25866768,27955728,13,48,96,96,2088960
2026-06-19_jua365_win_02_hdmi1_hotplug.pcapng,1569,1.719515000,1567,0,52512704,77792,77792,7,77744,8061,6,1888,96,1920,1920,25864976,27953936,13,48,1888,96,2088960
2026-06-19_jua365_win_02_hdmi1_hotplug.pcapng,1579,1.735278000,1577,0,52590496,6112,6112,7,6064,8062,6,96,96,1920,1920,25866768,27955728,13,48,96,96,2088960
2026-06-19_jua365_win_02_hdmi1_hotplug.pcapng,1663,1.835326000,1661,0,53631840,6112,6112,7,6064,8064,6,96,96,1920,1920,1872,2090832,13,48,96,96,2088960
2026-06-19_jua365_win_02_hdmi1_hotplug.pcapng,4299,6.037028000,4297,0,59508256,5088,5088,7,5040,8074,6,256,32,1920,1920,25864944,27953904,13,48,256,32,2088960
2026-06-19_jua365_win_02_hdmi1_hotplug.pcapng,4303,6.037351000,4301,0,59513344,23520,23520,7,23472,8075,6,64,1080,1920,1920,25864944,27953904,13,48,64,1080,2088960
2026-06-19_jua365_win_02_hdmi1_hotplug.pcapng,5136,8.219089000,5134,0,54814592,3040,3040,7,2992,8082,6,64,64,1920,1920,25864944,27953904,13,48,64,64,2088960
2026-06-19_jua365_win_02_hdmi1_hotplug.pcapng,5142,8.237464000,5140,0,54817632,44000,44000,7,43952,8083,6,1248,64,1920,1920,25864944,27953904,13,48,1248,64,2088960
2026-06-19_jua365_win_02_hdmi1_hotplug.pcapng,5148,8.253572000,5146,0,54861632,3040,3040,7,2992,8084,6,64,64,1920,1920,25864944,27953904,13,48,64,64,2088960
2026-06-19_jua365_win_02_hdmi1_hotplug.pcapng,7447,16.701007000,7445,0,58349184,67552,67552,3,67504,8090,6,1920,1920,,,48,2089008,13,48,1920,1080,2088960
2026-06-19_jua365_win_02_hdmi1_hotplug.pcapng,7451,16.701608000,7449,0,58416736,67552,67552,3,67504,8091,6,1920,1920,,,12932496,15021456,13,48,1920,1080,2088960
2026-06-19_jua365_win_02_hdmi1_hotplug.pcapng,7455,16.702195000,7453,0,58484288,67552,67552,3,67504,8092,6,1920,1920,,,25864944,27953904,13,48,1920,1080,2088960
2026-06-19_jua365_win_02_hdmi1_hotplug.pcapng,7572,16.859816000,7570,0,59441664,67552,67552,3,67504,8094,6,1920,1920,,,12932496,15021456,13,48,1920,1080,2088960
2026-06-19_jua365_win_02_hdmi1_hotplug.pcapng,7576,16.863844000,7574,0,59509216,67552,67552,3,67504,8095,6,1920,1920,,,25864944,27953904,13,48,1920,1080,2088960
2026-06-19_jua365_win_02_hdmi1_hotplug.pcapng,7606,16.920658000,7604,0,59576768,83936,83936,3,83888,8096,6,1920,1920,,,48,2089008,13,48,1920,1080,2088960
2026-06-19_jua365_win_02_hdmi1_hotplug.pcapng,7622,16.957672000,7620,0,59660704,67552,67552,3,67504,8097,6,1920,1920,,,12932496,15021456,13,48,1920,1080,2088960
2026-06-19_jua365_win_02_hdmi1_hotplug.pcapng,7628,16.961432000,7626,0,59728256,67552,67552,3,67504,8098,6,1920,1920,,,25864944,27953904,13,48,1920,1080,2088960
2026-06-19_jua365_win_02_hdmi1_hotplug.pcapng,7654,17.017207000,7652,0,59795808,83936,83936,3,83888,8099,6,1920,1920,,,48,2089008,13,48,1920,1080,2088960
2026-06-19_jua365_win_02_hdmi1_hotplug.pcapng,7662,17.026136000,7660,0,59879744,67552,67552,3,67504,8100,6,1920,1920,,,12932496,15021456,13,48,1920,1080,2088960
2026-06-19_jua365_win_02_hdmi1_hotplug.pcapng,7676,17.043071000,7674,0,59947296,67552,67552,3,67504,8101,6,1920,1920,,,25864944,27953904,13,48,1920,1080,2088960
2026-06-19_jua365_win_02_hdmi1_hotplug.pcapng,7686,17.057886000,7684,0,60014848,67552,67552,3,67504,8102,6,1920,1920,,,48,2089008,13,48,1920,1080,2088960
2026-06-19_jua365_win_02_hdmi1_hotplug.pcapng,7710,17.110619000,7708,0,60082400,67552,67552,3,67504,8103,6,1920,1920,,,12932496,15021456,13,48,1920,1080,2088960
2026-06-19_jua365_win_02_hdmi1_hotplug.pcapng,7746,17.211889000,7744,0,60149952,67552,67552,3,67504,8104,6,1920,1920,,,25864944,27953904,13,48,1920,1080,2088960
2026-06-19_jua365_win_02_hdmi1_hotplug.pcapng,7752,17.216485000,7750,0,60217504,67552,67552,3,67504,8105,6,1920,1920,,,48,2089008,13,48,1920,1080,2088960
2026-06-19_jua365_win_02_hdmi1_hotplug.pcapng,7776,17.258313000,7774,0,60285056,67552,67552,3,67504,8106,6,1920,1920,,,12932496,15021456,13,48,1920,1080,2088960
2026-06-19_jua365_win_02_hdmi1_hotplug.pcapng,7799,17.292159000,7797,0,60352608,67552,67552,3,67504,8107,6,1920,1920,,,25864944,27953904,13,48,1920,1080,2088960
2026-06-19_jua365_win_02_hdmi1_hotplug.pcapng,7805,17.307996000,7803,0,60420160,67552,67552,3,67504,8108,6,1920,1920,,,48,2089008,13,48,1920,1080,2088960
2026-06-19_jua365_win_02_hdmi1_hotplug.pcapng,7859,17.339902000,7857,0,60487712,67552,67552,3,67504,8109,6,1920,1920,,,12932496,15021456,13,48,1920,1080,2088960
2026-06-19_jua365_win_02_hdmi1_hotplug.pcapng,7936,17.390851000,7934,0,60555264,67552,67552,3,67504,8110,6,1920,1920,,,25864944,27953904,13,48,1920,1080,2088960
2026-06-19_jua365_win_02_hdmi1_hotplug.pcapng,7990,17.424265000,7988,0,60622816,67552,67552,3,67504,8111,6,1920,1920,,,48,2089008,13,48,1920,1080,2088960
2026-06-19_jua365_win_02_hdmi1_hotplug.pcapng,8021,17.457758000,8018,0,60690368,67552,67552,3,67504,8112,6,1920,1920,,,12932496,15021456,13,48,1920,1080,2088960
2026-06-19_jua365_win_02_hdmi1_hotplug.pcapng,8063,17.474467000,8061,0,52428800,67552,67552,3,67504,8113,6,1920,1920,,,25864944,27953904,13,48,1920,1080,2088960
2026-06-19_jua365_win_02_hdmi1_hotplug.pcapng,8081,17.491902000,8079,0,52496352,67552,67552,3,67504,8114,6,1920,1920,,,48,2089008,13,48,1920,1080,2088960
2026-06-19_jua365_win_02_hdmi1_hotplug.pcapng,8087,17.507814000,8085,0,52563904,67552,67552,3,67504,8115,6,1920,1920,,,12932496,15021456,13,48,1920,1080,2088960
2026-06-19_jua365_win_02_hdmi1_hotplug.pcapng,8093,17.540995000,8091,0,52631456,67552,67552,3,67504,8116,6,1920,1920,,,25864944,27953904,13,48,1920,1080,2088960
2026-06-19_jua365_win_02_hdmi1_hotplug.pcapng,8099,17.574338000,8097,0,52699008,67552,67552,3,67504,8117,6,1920,1920,,,48,2089008,13,48,1920,1080,2088960
2026-06-19_jua365_win_02_hdmi1_hotplug.pcapng,8105,17.607553000,8103,0,52766560,67552,67552,3,67504,8118,6,1920,1920,,,12932496,15021456,13,48,1920,1080,2088960
2026-06-19_jua365_win_02_hdmi1_hotplug.pcapng,8111,17.624657000,8109,0,52834112,67552,67552,3,67504,8119,6,1920,1920,,,25864944,27953904,13,48,1920,1080,2088960
2026-06-19_jua365_win_02_hdmi1_hotplug.pcapng,8117,17.641519000,8115,0,52901664,67552,67552,3,67504,8120,6,1920,1920,,,48,2089008,13,48,1920,1080,2088960
2026-06-19_jua365_win_02_hdmi1_hotplug.pcapng,8123,17.659606000,8121,0,52969216,67552,67552,3,67504,8121,6,1920,1920,,,12932496,15021456,13,48,1920,1080,2088960
2026-06-19_jua365_win_02_hdmi1_hotplug.pcapng,8129,17.674793000,8127,0,53036768,67552,67552,3,67504,8122,6,1920,1920,,,25864944,27953904,13,48,1920,1080,2088960
2026-06-19_jua365_win_02_hdmi1_hotplug.pcapng,8135,17.709837000,8133,0,53104320,67552,67552,3,67504,8123,6,1920,1920,,,48,2089008,13,48,1920,1080,2088960
2026-06-19_jua365_win_02_hdmi1_hotplug.pcapng,8141,17.742671000,8139,0,53171872,67552,67552,3,67504,8124,6,1920,1920,,,12932496,15021456,13,48,1920,1080,2088960
2026-06-19_jua365_win_02_hdmi1_hotplug.pcapng,8147,17.775021000,8145,0,53239424,67552,67552,3,67504,8125,6,1920,1920,,,25864944,27953904,13,48,1920,1080,2088960
2026-06-19_jua365_win_02_hdmi1_hotplug.pcapng,8153,17.808394000,8151,0,53306976,67552,67552,3,67504,8126,6,1920,1920,,,48,2089008,13,48,1920,1080,2088960
2026-06-19_jua365_win_02_hdmi1_hotplug.pcapng,8159,17.828548000,8157,0,53374528,67552,67552,3,67504,8127,6,1920,1920,,,12932496,15021456,13,48,1920,1080,2088960
2026-06-19_jua365_win_02_hdmi1_hotplug.pcapng,8165,17.844382000,8163,0,53442080,67552,67552,3,67504,8128,6,1920,1920,,,25864944,27953904,13,48,1920,1080,2088960
2026-06-19_jua365_win_02_hdmi1_hotplug.pcapng,8171,17.858492000,8169,0,53509632,67552,67552,3,67504,8129,6,1920,1920,,,48,2089008,13,48,1920,1080,2088960
2026-06-19_jua365_win_02_hdmi1_hotplug.pcapng,8177,17.873247000,8175,0,53577184,46048,46048,7,46000,8130,6,1920,736,1920,1920,48,2089008,13,48,1920,736,2088960
2026-06-19_jua365_win_02_hdmi1_hotplug.pcapng,8183,17.889336000,8181,0,53623232,46048,46048,7,46000,8131,6,1920,736,1920,1920,48,2089008,13,48,1920,736,2088960
2026-06-19_jua365_win_02_hdmi1_hotplug.pcapng,8189,17.906130000,8187,0,53669280,46048,46048,7,46000,8132,6,1920,736,1920,1920,48,2089008,13,48,1920,736,2088960
2026-06-19_jua365_win_02_hdmi1_hotplug.pcapng,8195,17.939605000,8193,0,53715328,46048,46048,7,46000,8133,6,1920,736,1920,1920,48,2089008,13,48,1920,736,2088960
2026-06-19_jua365_win_02_hdmi1_hotplug.pcapng,8201,17.957096000,8199,0,53761376,46048,46048,7,46000,8134,6,1920,736,1920,1920,48,2089008,13,48,1920,736,2088960
2026-06-19_jua365_win_02_hdmi1_hotplug.pcapng,8207,17.973178000,8205,0,53807424,46048,46048,7,46000,8135,6,1920,736,1920,1920,48,2089008,13,48,1920,736,2088960
2026-06-19_jua365_win_02_hdmi1_hotplug.pcapng,8213,17.990245000,8211,0,53853472,46048,46048,7,46000,8136,6,1920,736,1920,1920,48,2089008,13,48,1920,736,2088960
2026-06-19_jua365_win_02_hdmi1_hotplug.pcapng,8219,18.007629000,8217,0,53899520,46048,46048,7,46000,8137,6,1920,736,1920,1920,48,2089008,13,48,1920,736,2088960
2026-06-19_jua365_win_02_hdmi1_hotplug.pcapng,8225,18.024201000,8223,0,53945568,46048,46048,7,46000,8138,6,1920,736,1920,1920,48,2089008,13,48,1920,736,2088960
2026-06-19_jua365_win_02_hdmi1_hotplug.pcapng,8231,18.044925000,8229,0,53991616,46048,46048,7,46000,8139,6,1920,736,1920,1920,48,2089008,13,48,1920,736,2088960
2026-06-19_jua365_win_02_hdmi1_hotplug.pcapng,8237,18.063849000,8235,0,54037664,46048,46048,7,46000,8140,6,1920,736,1920,1920,48,2089008,13,48,1920,736,2088960
2026-06-19_jua365_win_02_hdmi1_hotplug.pcapng,8243,18.077313000,8241,0,54083712,46048,46048,7,46000,8141,6,1920,736,1920,1920,48,2089008,13,48,1920,736,2088960
2026-06-19_jua365_win_02_hdmi1_hotplug.pcapng,8249,18.091524000,8247,0,54129760,46048,46048,7,46000,8142,6,1920,736,1920,1920,48,2089008,13,48,1920,736,2088960
2026-06-19_jua365_win_02_hdmi1_hotplug.pcapng,8255,18.108994000,8253,0,54175808,46048,46048,7,46000,8143,6,1920,736,1920,1920,48,2089008,13,48,1920,736,2088960
2026-06-19_jua365_win_02_hdmi1_hotplug.pcapng,8261,18.125181000,8259,0,54221856,46048,46048,7,46000,8144,6,1920,736,1920,1920,48,2089008,13,48,1920,736,2088960
2026-06-19_jua365_win_02_hdmi1_hotplug.pcapng,8267,18.139743000,8265,0,54267904,46048,46048,7,46000,8145,6,1920,736,1920,1920,48,2089008,13,48,1920,736,2088960
2026-06-19_jua365_win_02_hdmi1_hotplug.pcapng,8273,18.156763000,8271,0,54313952,46048,46048,7,46000,8146,6,1920,736,1920,1920,48,2089008,13,48,1920,736,2088960
2026-06-19_jua365_win_02_hdmi1_hotplug.pcapng,8279,18.173683000,8277,0,54360000,46048,46048,7,46000,8147,6,1920,736,1920,1920,48,2089008,13,48,1920,736,2088960
2026-06-19_jua365_win_02_hdmi1_hotplug.pcapng,8285,18.191809000,8283,0,54406048,46048,46048,7,46000,8148,6,1920,736,1920,1920,48,2089008,13,48,1920,736,2088960
2026-06-19_jua365_win_02_hdmi1_hotplug.pcapng,8291,18.207764000,8289,0,54452096,46048,46048,7,46000,8149,6,1920,736,1920,1920,48,2089008,13,48,1920,736,2088960
2026-06-19_jua365_win_02_hdmi1_hotplug.pcapng,8297,18.225032000,8295,0,54498144,46048,46048,7,46000,8150,6,1920,736,1920,1920,48,2089008,13,48,1920,736,2088960
2026-06-19_jua365_win_02_hdmi1_hotplug.pcapng,8303,18.240195000,8301,0,54544192,46048,46048,7,46000,8151,6,1920,736,1920,1920,48,2089008,13,48,1920,736,2088960
2026-06-19_jua365_win_02_hdmi1_hotplug.pcapng,8309,18.257649000,8307,0,54590240,46048,46048,7,46000,8152,6,1920,736,1920,1920,48,2089008,13,48,1920,736,2088960
2026-06-19_jua365_win_02_hdmi1_hotplug.pcapng,8315,18.273806000,8313,0,54636288,46048,46048,7,46000,8153,6,1920,736,1920,1920,48,2089008,13,48,1920,736,2088960
2026-06-19_jua365_win_02_hdmi1_hotplug.pcapng,8321,18.292840000,8319,0,54682336,46048,46048,7,46000,8154,6,1920,736,1920,1920,48,2089008,13,48,1920,736,2088960
2026-06-19_jua365_win_02_hdmi1_hotplug.pcapng,8327,18.308826000,8325,0,54728384,46048,46048,7,46000,8155,6,1920,736,1920,1920,48,2089008,13,48,1920,736,2088960
2026-06-19_jua365_win_02_hdmi1_hotplug.pcapng,8333,18.327585000,8331,0,54774432,46048,46048,7,46000,8156,6,1920,736,1920,1920,48,2089008,13,48,1920,736,2088960
2026-06-19_jua365_win_02_hdmi1_hotplug.pcapng,8339,18.340888000,8337,0,54820480,46048,46048,7,46000,8157,6,1920,736,1920,1920,48,2089008,13,48,1920,736,2088960
2026-06-19_jua365_win_02_hdmi1_hotplug.pcapng,8345,18.359310000,8343,0,54866528,46048,46048,7,46000,8158,6,1920,736,1920,1920,48,2089008,13,48,1920,736,2088960
2026-06-19_jua365_win_02_hdmi1_hotplug.pcapng,8351,18.374379000,8349,0,54912576,46048,46048,7,46000,8159,6,1920,736,1920,1920,48,2089008,13,48,1920,736,2088960
2026-06-19_jua365_win_02_hdmi1_hotplug.pcapng,8357,18.391936000,8355,0,54958624,46048,46048,7,46000,8160,6,1920,736,1920,1920,48,2089008,13,48,1920,736,2088960
2026-06-19_jua365_win_02_hdmi1_hotplug.pcapng,8363,18.406740000,8361,0,55004672,46048,46048,7,46000,8161,6,1920,736,1920,1920,48,2089008,13,48,1920,736,2088960
2026-06-19_jua365_win_02_hdmi1_hotplug.pcapng,8369,18.423833000,8367,0,55050720,46048,46048,7,46000,8162,6,1920,736,1920,1920,48,2089008,13,48,1920,736,2088960
2026-06-19_jua365_win_02_hdmi1_hotplug.pcapng,8375,18.439485000,8373,0,55096768,46048,46048,7,46000,8163,6,1920,736,1920,1920,48,2089008,13,48,1920,736,2088960
2026-06-19_jua365_win_02_hdmi1_hotplug.pcapng,8381,18.458304000,8379,0,55142816,46048,46048,7,46000,8164,6,1920,736,1920,1920,48,2089008,13,48,1920,736,2088960
2026-06-19_jua365_win_02_hdmi1_hotplug.pcapng,8387,18.472463000,8385,0,55188864,46048,46048,7,46000,8165,6,1920,736,1920,1920,48,2089008,13,48,1920,736,2088960
2026-06-19_jua365_win_02_hdmi1_hotplug.pcapng,8434,18.490388000,8432,0,55234912,46048,46048,7,46000,8166,6,1920,736,1920,1920,48,2089008,13,48,1920,736,2088960
2026-06-19_jua365_win_02_hdmi1_hotplug.pcapng,8462,18.506913000,8460,0,55280960,46048,46048,7,46000,8167,6,1920,736,1920,1920,48,2089008,13,48,1920,736,2088960
2026-06-19_jua365_win_02_hdmi1_hotplug.pcapng,8494,18.526869000,8492,0,55327008,46048,46048,7,46000,8168,6,1920,736,1920,1920,48,2089008,13,48,1920,736,2088960
2026-06-19_jua365_win_02_hdmi1_hotplug.pcapng,8500,18.542785000,8498,0,55373056,46048,46048,7,46000,8169,6,1920,736,1920,1920,48,2089008,13,48,1920,736,2088960
2026-06-19_jua365_win_02_hdmi1_hotplug.pcapng,8536,18.555785000,8534,0,55419104,46048,46048,7,46000,8170,6,1920,736,1920,1920,48,2089008,13,48,1920,736,2088960
2026-06-19_jua365_win_02_hdmi1_hotplug.pcapng,8561,18.573006000,8559,0,55465152,46048,46048,7,46000,8171,6,1920,736,1920,1920,48,2089008,13,48,1920,736,2088960
2026-06-19_jua365_win_02_hdmi1_hotplug.pcapng,8596,18.590914000,8594,0,55511200,46048,46048,7,46000,8172,6,1920,736,1920,1920,48,2089008,13,48,1920,736,2088960
2026-06-19_jua365_win_02_hdmi1_hotplug.pcapng,8615,18.616830000,8613,0,55557248,46048,46048,7,46000,8173,6,1920,736,1920,1920,48,2089008,13,48,1920,736,2088960
2026-06-19_jua365_win_02_hdmi1_hotplug.pcapng,8674,18.640542000,8672,0,55603296,46048,46048,7,46000,8174,6,1920,736,1920,1920,48,2089008,13,48,1920,736,2088960
2026-06-19_jua365_win_02_hdmi1_hotplug.pcapng,8687,18.656374000,8685,0,55649344,46048,46048,7,46000,8175,6,1920,736,1920,1920,48,2089008,13,48,1920,736,2088960
2026-06-19_jua365_win_02_hdmi1_hotplug.pcapng,8693,18.673501000,8691,0,55695392,46048,46048,7,46000,8176,6,1920,736,1920,1920,48,2089008,13,48,1920,736,2088960
2026-06-19_jua365_win_02_hdmi1_hotplug.pcapng,8699,18.690003000,8697,0,55741440,46048,46048,7,46000,8177,6,1920,736,1920,1920,48,2089008,13,48,1920,736,2088960
2026-06-19_jua365_win_02_hdmi1_hotplug.pcapng,8705,18.706999000,8703,0,55787488,46048,46048,7,46000,8178,6,1920,736,1920,1920,48,2089008,13,48,1920,736,2088960
2026-06-19_jua365_win_02_hdmi1_hotplug.pcapng,8711,18.723145000,8709,0,55833536,46048,46048,7,46000,8179,6,1920,736,1920,1920,48,2089008,13,48,1920,736,2088960
2026-06-19_jua365_win_02_hdmi1_hotplug.pcapng,8717,18.741032000,8715,0,55879584,46048,46048,7,46000,8180,6,1920,736,1920,1920,48,2089008,13,48,1920,736,2088960
2026-06-19_jua365_win_02_hdmi1_hotplug.pcapng,8723,18.756348000,8721,0,55925632,46048,46048,7,46000,8181,6,1920,736,1920,1920,48,2089008,13,48,1920,736,2088960
2026-06-19_jua365_win_02_hdmi1_hotplug.pcapng,8729,18.773345000,8727,0,55971680,46048,46048,7,46000,8182,6,1920,736,1920,1920,48,2089008,13,48,1920,736,2088960
2026-06-19_jua365_win_02_hdmi1_hotplug.pcapng,8735,18.828965000,8733,0,56017728,83936,83936,3,83888,8183,6,1920,1920,,,12932496,15021456,13,48,1920,1080,2088960
2026-06-19_jua365_win_02_hdmi1_hotplug.pcapng,8741,18.873418000,8739,0,56101664,46048,46048,7,46000,8184,6,1920,736,1920,1920,12932496,15021456,13,48,1920,736,2088960
2026-06-19_jua365_win_02_hdmi1_hotplug.pcapng,9976,19.752697000,9974,0,56753920,5088,5088,7,5040,8236,6,64,160,1920,1920,14407056,15758736,13,48,64,160,1351680
2026-06-19_jua365_win_02_hdmi1_hotplug.pcapng,10032,19.785690000,10030,0,57100992,4064,4064,7,4016,8238,6,64,96,1920,1920,14529936,15820176,13,48,64,96,1290240
2026-06-19_jua365_win_02_hdmi1_hotplug.pcapng,10099,19.818817000,10097,0,57436800,3040,3040,7,2992,8240,6,64,32,1920,1920,14652816,15881616,13,48,64,32,1228800
2026-06-19_jua365_win_04_solid_colors.pcapng,3384,9.933764000,3382,0,58757792,23520,23520,7,23472,8663,6,128,576,1920,1920,25864944,27953904,13,48,128,576,2088960
2026-06-19_jua365_win_04_solid_colors.pcapng,3404,9.966577000,3402,0,58990176,23520,23520,7,23472,8665,6,128,576,1920,1920,25864944,27953904,13,48,128,576,2088960
2026-06-19_jua365_win_04_solid_colors.pcapng,3426,10.000296000,3424,0,59227680,23520,23520,7,23472,8667,6,128,576,1920,1920,25864944,27953904,13,48,128,576,2088960
2026-06-19_jua365_win_04_solid_colors.pcapng,3442,10.033617000,3440,0,59443680,22496,22496,7,22448,8669,6,128,544,1920,1920,25864944,27953904,13,48,128,544,2088960
2026-06-19_jua365_win_04_solid_colors.pcapng,3458,10.066520000,3456,0,59658656,22496,22496,7,22448,8671,6,128,544,1920,1920,25864944,27953904,13,48,128,544,2088960
2026-06-19_jua365_win_04_solid_colors.pcapng,3528,10.099910000,3526,0,59878752,22496,22496,7,22448,8673,6,128,544,1920,1920,25864944,27953904,13,48,128,544,2088960
2026-06-19_jua365_win_04_solid_colors.pcapng,3579,10.132691000,3577,0,60093728,12256,12256,7,12208,8675,6,64,544,1920,1920,25864944,27953904,13,48,64,544,2088960
2026-06-19_jua365_win_04_solid_colors.pcapng,3644,10.165925000,3642,0,60298464,12256,12256,7,12208,8677,6,64,544,1920,1920,25864944,27953904,13,48,64,544,2088960
2026-06-19_jua365_win_04_solid_colors.pcapng,3689,10.199234000,3687,0,60508320,12256,12256,7,12208,8679,6,64,544,1920,1920,25864944,27953904,13,48,64,544,2088960
2026-06-19_jua365_win_04_solid_colors.pcapng,3774,10.232775000,3772,0,60713056,12256,12256,7,12208,8681,6,64,544,1920,1920,25864944,27953904,13,48,64,544,2088960
2026-06-19_jua365_win_04_solid_colors.pcapng,4552,12.418093000,4550,0,58196640,19424,19424,7,19376,8693,6,64,928,1920,1920,48,2089008,13,48,64,928,2088960
2026-06-19_jua365_win_04_solid_colors.pcapng,4558,12.421332000,4556,0,58216064,19424,19424,7,19376,8694,6,64,928,1920,1920,48,2089008,13,48,64,928,2088960
2026-06-19_jua365_win_04_solid_colors.pcapng,4579,12.439138000,4576,0,58235488,19424,19424,7,19376,8695,6,64,928,1920,1920,48,2089008,13,48,64,928,2088960
2026-06-19_jua365_win_04_solid_colors.pcapng,4624,12.485534000,4622,0,58554912,19424,19424,7,19376,8697,6,64,928,1920,1920,48,2089008,13,48,64,928,2088960
2026-06-19_jua365_win_04_solid_colors.pcapng,4650,12.504351000,4648,0,58879456,21472,21472,7,21424,8699,6,64,1080,1920,1920,48,2089008,13,48,64,1080,2088960
2026-06-19_jua365_win_04_solid_colors.pcapng,4715,12.537691000,4713,0,59214240,21472,21472,7,21424,8701,6,64,1080,1920,1920,48,2089008,13,48,64,1080,2088960
2026-06-19_jua365_win_04_solid_colors.pcapng,4758,12.574208000,4754,0,59540832,21472,21472,7,21424,8703,6,64,1080,1920,1920,48,2089008,13,48,64,1080,2088960
2026-06-19_jua365_win_04_solid_colors.pcapng,4816,12.603806000,4814,0,60072224,21472,21472,7,21424,8705,6,64,1080,1920,1920,12932496,15021456,13,48,64,1080,2088960
2026-06-19_jua365_win_04_solid_colors.pcapng,4878,12.637276000,4876,0,60407008,21472,21472,7,21424,8707,6,64,1080,1920,1920,12932496,15021456,13,48,64,1080,2088960
2026-06-19_jua365_win_04_solid_colors.pcapng,4924,12.669604000,4922,0,60733600,21472,21472,7,21424,8709,6,64,1080,1920,1920,12932496,15021456,13,48,64,1080,2088960
2026-06-19_jua365_win_04_solid_colors.pcapng,4971,12.685804000,4969,0,60755072,18400,18400,7,18352,8710,6,64,928,1920,1920,12932496,15021456,13,48,64,928,2088960
2026-06-19_jua365_win_04_solid_colors.pcapng,5041,12.737025000,5039,0,53252032,21472,21472,7,21424,8713,6,64,1080,1920,1920,25864944,27953904,13,48,64,1080,2088960
2026-06-19_jua365_win_04_solid_colors.pcapng,5082,12.824088000,5080,0,54128416,21472,21472,7,21424,8718,6,64,1080,1920,1920,48,2089008,13,48,64,1080,2088960
2026-06-19_jua365_win_04_solid_colors.pcapng,5147,12.885476000,5145,0,55483040,21472,21472,7,21424,8722,6,64,1080,1920,1920,25864944,27953904,13,48,64,1080,2088960
2026-06-19_jua365_win_04_solid_colors.pcapng,5201,12.952070000,5199,0,56144416,21472,21472,7,21424,8726,6,64,1080,1920,1920,25864944,27953904,13,48,64,1080,2088960
2026-06-19_jua365_win_04_solid_colors.pcapng,5277,13.019264000,5275,0,57294240,21472,21472,7,21424,8730,6,64,1080,1920,1920,48,2089008,13,48,64,1080,2088960
2026-06-19_jua365_win_04_solid_colors.pcapng,5297,13.051274000,5295,0,57620832,21472,21472,7,21424,8732,6,64,1080,1920,1920,48,2089008,13,48,64,1080,2088960
2026-06-19_jua365_win_04_solid_colors.pcapng,5317,13.085108000,5315,0,57947424,21472,21472,7,21424,8734,6,64,1080,1920,1920,48,2089008,13,48,64,1080,2088960
2026-06-19_jua365_win_04_solid_colors.pcapng,5341,13.118469000,5339,0,58282208,21472,21472,7,21424,8736,6,64,1080,1920,1920,48,2089008,13,48,64,1080,2088960
2026-06-19_jua365_win_04_solid_colors.pcapng,5367,13.150896000,5365,0,58608800,21472,21472,7,21424,8738,6,64,1080,1920,1920,48,2089008,13,48,64,1080,2088960
2026-06-19_jua365_win_04_solid_colors.pcapng,5395,13.184762000,5393,0,58935392,21472,21472,7,21424,8740,6,64,1080,1920,1920,48,2089008,13,48,64,1080,2088960
2026-06-19_jua365_win_04_solid_colors.pcapng,5427,13.219337000,5425,0,59270176,21472,21472,7,21424,8742,6,64,1080,1920,1920,48,2089008,13,48,64,1080,2088960
2026-06-19_jua365_win_04_solid_colors.pcapng,5455,13.252594000,5453,0,59596768,21472,21472,7,21424,8744,6,64,1080,1920,1920,48,2089008,13,48,64,1080,2088960
2026-06-19_jua365_win_04_solid_colors.pcapng,5483,13.285137000,5481,0,59923360,21472,21472,7,21424,8746,6,64,1080,1920,1920,48,2089008,13,48,64,1080,2088960
2026-06-19_jua365_win_04_solid_colors.pcapng,5511,13.319079000,5509,0,60258144,21472,21472,7,21424,8748,6,64,1080,1920,1920,48,2089008,13,48,64,1080,2088960
2026-06-19_jua365_win_04_solid_colors.pcapng,5531,13.353066000,5529,0,60584736,21472,21472,7,21424,8750,6,64,1080,1920,1920,48,2089008,13,48,64,1080,2088960
2026-06-19_jua365_win_04_solid_colors.pcapng,5549,13.385263000,5547,0,52733920,21472,21472,7,21424,8752,6,64,1080,1920,1920,48,2089008,13,48,64,1080,2088960
2026-06-19_jua365_win_04_solid_colors.pcapng,5575,13.418817000,5573,0,53068704,21472,21472,7,21424,8754,6,64,1080,1920,1920,48,2089008,13,48,64,1080,2088960
2026-06-19_jua365_win_04_solid_colors.pcapng,5604,13.452494000,5602,0,53395296,21472,21472,7,21424,8756,6,64,1080,1920,1920,48,2089008,13,48,64,1080,2088960
2026-06-19_jua365_win_04_solid_colors.pcapng,5644,13.485226000,5642,0,53721888,21472,21472,7,21424,8758,6,64,1080,1920,1920,48,2089008,13,48,64,1080,2088960
2026-06-19_jua365_win_04_solid_colors.pcapng,5674,13.519283000,5672,0,53743360,21472,21472,7,21424,8759,6,64,1080,1920,1920,48,2089008,13,48,64,1080,2088960
2026-06-19_jua365_win_04_solid_colors.pcapng,6602,14.384870000,6600,0,55493440,22496,22496,7,22448,8778,6,64,1080,1920,1920,48,2089008,13,48,64,1080,2088960
2026-06-19_jua365_win_04_solid_colors.pcapng,6614,14.435795000,6612,0,55612128,73696,73696,7,73648,8781,6,320,1080,1920,1920,48,2089008,13,48,320,1080,2088960
2026-06-19_jua365_win_04_solid_colors.pcapng,6690,14.485785000,6688,0,56706688,22496,22496,7,22448,8784,6,64,1080,1920,1920,25864944,27953904,13,48,64,1080,2088960
2026-06-19_jua365_win_04_solid_colors.pcapng,6937,14.651256000,6935,0,53013440,22496,22496,7,22448,8794,6,64,1080,1920,1920,12932496,15021456,13,48,64,1080,2088960
2026-06-19_jua365_win_04_solid_colors.pcapng,7013,14.701991000,7011,0,54057824,19424,19424,7,19376,8797,6,64,864,1920,1920,48,2089008,13,48,64,864,2088960
2026-06-19_jua365_win_04_solid_colors.pcapng,7063,14.737026000,7061,0,54588192,22496,22496,7,22448,8799,6,64,1080,1920,1920,12932496,15021456,13,48,64,1080,2088960
2026-06-19_jua365_win_04_solid_colors.pcapng,7077,14.753061000,7075,0,54610688,73696,73696,7,73648,8800,6,320,1080,1920,1920,12932496,15021456,13,48,320,1080,2088960
2026-06-19_jua365_win_04_solid_colors.pcapng,7141,14.801503000,7139,0,55706272,22496,22496,7,22448,8803,6,64,1080,1920,1920,48,2089008,13,48,64,1080,2088960
2026-06-19_jua365_win_04_solid_colors.pcapng,7155,14.821272000,7153,0,55728768,74720,74720,7,74672,8804,6,320,1080,1920,1920,48,2089008,13,48,320,1080,2088960
2026-06-19_jua365_win_04_solid_colors.pcapng,7376,14.901639000,7374,0,57847264,19424,19424,7,19376,8809,6,64,896,1920,1920,12932496,15021456,13,48,64,896,2088960
2026-06-19_jua365_win_04_solid_colors.pcapng,7639,15.001877000,7637,0,60421408,19424,19424,7,19376,8815,6,64,896,1920,1920,48,2089008,13,48,64,896,2088960
2026-06-19_jua365_win_04_solid_colors.pcapng,7694,15.020565000,7692,0,60440832,68576,68576,7,68528,8816,6,320,896,1920,1920,48,2089008,13,48,320,896,2088960
2026-06-19_jua365_win_04_solid_colors.pcapng,7725,15.036224000,7723,0,60509408,19424,19424,7,19376,8817,6,64,896,1920,1920,48,2089008,13,48,64,896,2088960
2026-06-19_jua365_win_04_solid_colors.pcapng,7735,15.053597000,7733,0,60528832,68576,68576,7,68528,8818,6,320,896,1920,1920,48,2089008,13,48,320,896,2088960
2026-06-19_jua365_win_04_solid_colors.pcapng,7747,15.069447000,7745,0,60597408,19424,19424,7,19376,8819,6,64,896,1920,1920,48,2089008,13,48,64,896,2088960
2026-06-19_jua365_win_04_solid_colors.pcapng,8081,15.271087000,8079,0,57538240,68576,68576,7,68528,8830,6,320,896,1920,1920,12932496,15021456,13,48,320,896,2088960
2026-06-19_jua365_win_04_solid_colors.pcapng,8121,15.303636000,8119,0,58117760,68576,68576,7,68528,8832,6,320,896,1920,1920,25864944,27953904,13,48,320,896,2088960
2026-06-19_jua365_win_04_solid_colors.pcapng,8215,15.371732000,8213,0,59719168,3040,3040,7,2992,8836,6,64,32,1920,1920,27523824,28783344,13,48,64,32,1259520
2026-06-19_jua365_win_04_solid_colors.pcapng,8231,15.386563000,8229,0,59722208,68576,68576,7,68528,8837,6,320,896,1920,1920,25864944,27953904,13,48,320,896,2088960
2026-06-19_jua365_win_04_solid_colors.pcapng,8249,15.411442000,8247,0,59790784,68576,68576,7,68528,8838,6,320,896,1920,1920,25864944,27953904,13,48,320,896,2088960
2026-06-19_jua365_win_04_solid_colors.pcapng,8319,15.451915000,8317,0,52939744,19424,19424,7,19376,8841,6,64,896,1920,1920,12932496,15021456,13,48,64,896,2088960
2026-06-19_jua365_win_04_solid_colors.pcapng,8467,15.619455000,8465,0,53941152,36832,36832,7,36784,8843,6,320,416,1920,1920,25864944,27953904,13,48,320,416,2088960
2026-06-19_jua365_win_04_solid_colors.pcapng,8723,16.036828000,8721,0,54959968,10208,10208,7,10160,8845,6,64,416,1920,1920,48,2089008,13,48,64,416,2088960
2026-06-19_jua365_win_04_solid_colors.pcapng,8754,16.052814000,8752,0,54970176,36832,36832,7,36784,8846,6,320,416,1920,1920,48,2089008,13,48,320,416,2088960
2026-06-19_jua365_win_04_solid_colors.pcapng,9586,17.235667000,9584,0,55988992,14304,14304,7,14256,8848,6,832,32,1920,1920,12933584,15022544,13,48,832,32,2088960
2026-06-19_jua365_win_04_solid_colors.pcapng,9743,17.353897000,9741,0,56985280,29664,29664,7,29616,8850,6,1888,32,1920,1920,25864976,27953936,13,48,1888,32,2088960
2026-06-19_jua365_win_04_solid_colors.pcapng,9795,17.394983000,9793,0,57014944,29664,29664,7,29616,8851,6,1888,32,1920,1920,25864976,27953936,13,48,1888,32,2088960
2026-06-19_jua365_win_04_solid_colors.pcapng,9809,17.405365000,9807,0,57044608,29664,29664,7,29616,8852,6,1888,32,1920,1920,25864976,27953936,13,48,1888,32,2088960
2026-06-19_jua365_win_04_solid_colors.pcapng,9828,17.418144000,9826,0,57074272,30688,30688,7,30640,8853,6,1888,32,1920,1920,25864976,27953936,13,48,1888,32,2088960
2026-06-19_jua365_win_04_solid_colors.pcapng,9854,17.434301000,9852,0,57104960,30688,30688,7,30640,8854,6,1888,32,1920,1920,25864976,27953936,13,48,1888,32,2088960
2026-06-19_jua365_win_04_solid_colors.pcapng,9883,17.451814000,9881,0,57135648,30688,30688,7,30640,8855,6,1888,32,1920,1920,25864976,27953936,13,48,1888,32,2088960
2026-06-19_jua365_win_04_solid_colors.pcapng,9901,17.470148000,9899,0,57166336,30688,30688,7,30640,8856,6,1888,32,1920,1920,25864976,27953936,13,48,1888,32,2088960
2026-06-19_jua365_win_04_solid_colors.pcapng,9921,17.485394000,9919,0,57197024,30688,30688,7,30640,8857,6,1888,32,1920,1920,25864976,27953936,13,48,1888,32,2088960
2026-06-19_jua365_win_04_solid_colors.pcapng,9944,17.502188000,9942,0,57227712,30688,30688,7,30640,8858,6,1888,32,1920,1920,25864976,27953936,13,48,1888,32,2088960
2026-06-19_jua365_win_04_solid_colors.pcapng,9956,17.520468000,9954,0,57258400,9184,9184,7,9136,8859,6,384,32,1920,1920,25866480,27955440,13,48,384,32,2088960
2026-06-19_jua365_win_04_solid_colors.pcapng,12690,21.184876000,12688,0,55253760,10208,10208,7,10160,8887,6,64,416,1920,1920,25864944,27953904,13,48,64,416,2088960
2026-06-19_jua365_win_04_solid_colors.pcapng,12894,21.302176000,12892,0,56474144,36832,36832,7,36784,8894,6,320,416,1920,1920,25864944,27953904,13,48,320,416,2088960
2026-06-19_jua365_win_04_solid_colors.pcapng,12966,21.334980000,12964,0,56712672,36832,36832,7,36784,8896,6,320,416,1920,1920,25864944,27953904,13,48,320,416,2088960
2026-06-19_jua365_win_04_solid_colors.pcapng,13493,22.067882000,13491,0,60027104,77792,77792,7,77744,8904,6,1888,96,1920,1920,25864976,27953936,13,48,1888,96,2088960
2026-06-19_jua365_win_04_solid_colors.pcapng,13497,22.069401000,13495,0,60104896,29664,29664,7,29616,8905,6,1888,32,1920,1920,25864976,27953936,13,48,1888,32,2088960
2026-06-19_jua365_win_04_solid_colors.pcapng,13517,22.087310000,13515,0,60134560,21472,21472,7,21424,8906,6,1280,32,1920,1920,25865584,27954544,13,48,1280,32,2088960
2026-06-19_jua365_win_04_solid_colors.pcapng,13535,22.112579000,13533,0,60156032,21472,21472,7,21424,8907,6,1280,32,1920,1920,25865584,27954544,13,48,1280,32,2088960
2026-06-19_jua365_win_04_solid_colors.pcapng,13545,22.117128000,13543,0,60177504,21472,21472,7,21424,8908,6,1312,32,1920,1920,25865552,27954512,13,48,1312,32,2088960
2026-06-19_jua365_win_04_solid_colors.pcapng,15725,25.635544000,15723,0,59261632,10208,10208,7,10160,8919,6,64,416,1920,1920,12932496,15021456,13,48,64,416,2088960
2026-06-19_jua365_win_04_solid_colors.pcapng,17107,31.351442000,17105,0,60251776,36832,36832,7,36784,8921,6,320,416,1920,1920,25864944,27953904,13,48,320,416,2088960
2026-06-19_jua365_win_04_solid_colors.pcapng,17250,31.684448000,17248,0,53408736,36832,36832,7,36784,8923,6,320,416,1920,1920,48,2089008,13,48,320,416,2088960
2026-06-19_jua365_win_04_solid_colors.pcapng,17279,31.700588000,17277,0,53445568,10208,10208,7,10160,8924,6,64,416,1920,1920,48,2089008,13,48,64,416,2088960
2026-06-19_jua365_win_04_solid_colors.pcapng,17880,32.968479000,17878,0,54637408,36832,36832,7,36784,8927,6,320,416,1920,1920,12932496,15021456,13,48,320,416,2088960
2026-06-19_jua365_win_04_solid_colors.pcapng,18035,33.183273000,18031,0,55654176,10208,10208,7,10160,8929,6,64,416,1920,1920,25864944,27953904,13,48,64,416,2088960
2026-06-19_jua365_win_04_solid_colors.pcapng,18950,34.784750000,18948,0,57519808,22496,22496,7,22448,8949,6,64,1080,1920,1920,48,2089008,13,48,64,1080,2088960
2026-06-19_jua365_win_04_solid_colors.pcapng,19026,34.852817000,19024,0,58904128,22496,22496,7,22448,8953,6,64,1080,1920,1920,25864944,27953904,13,48,64,1080,2088960
2026-06-19_jua365_win_04_solid_colors.pcapng,19054,34.889333000,19052,0,59435520,22496,22496,7,22448,8955,6,64,1080,1920,1920,48,2089008,13,48,64,1080,2088960
2026-06-19_jua365_win_04_solid_colors.pcapng,19112,34.953134000,19110,0,60580224,22496,22496,7,22448,8959,6,64,1080,1920,1920,12932496,15021456,13,48,64,1080,2088960
2026-06-19_jua365_win_04_solid_colors.pcapng,19217,35.052980000,19215,0,54083424,22496,22496,7,22448,8965,6,64,1080,1920,1920,48,2089008,13,48,64,1080,2088960
2026-06-19_jua365_win_04_solid_colors.pcapng,19253,35.084942000,19251,0,54615840,22496,22496,7,22448,8967,6,64,1080,1920,1920,12932496,15021456,13,48,64,1080,2088960
2026-06-19_jua365_win_04_solid_colors.pcapng,19793,35.352048000,19791,0,53958560,22496,22496,7,22448,8983,6,64,1080,1920,1920,48,2089008,13,48,64,1080,2088960
2026-06-19_jua365_win_04_solid_colors.pcapng,19877,35.386008000,19875,0,54490976,22496,22496,7,22448,8985,6,64,1080,1920,1920,12932496,15021456,13,48,64,1080,2088960
2026-06-19_jua365_win_04_solid_colors.pcapng,19897,35.418289000,19895,0,54819616,22496,22496,7,22448,8987,6,64,1080,1920,1920,12932496,15021456,13,48,64,1080,2088960
2026-06-19_jua365_win_04_solid_colors.pcapng,19969,35.484842000,19967,0,56371872,22496,22496,7,22448,8991,6,64,1080,1920,1920,12932496,15021456,13,48,64,1080,2088960
2026-06-19_jua365_win_04_solid_colors.pcapng,19997,35.518473000,19995,0,56904288,22496,22496,7,22448,8993,6,64,1080,1920,1920,25864944,27953904,13,48,64,1080,2088960
2026-06-19_jua365_win_04_solid_colors.pcapng,20025,35.552701000,20023,0,57436704,22496,22496,7,22448,8995,6,64,1080,1920,1920,48,2089008,13,48,64,1080,2088960
2026-06-19_jua365_win_04_solid_colors.pcapng,20053,35.584714000,20051,0,57969120,22496,22496,7,22448,8997,6,64,1080,1920,1920,12932496,15021456,13,48,64,1080,2088960
2026-06-19_jua365_win_04_solid_colors.pcapng,20067,35.601748000,20065,0,57991616,22496,22496,7,22448,8998,6,64,1080,1920,1920,12932496,15021456,13,48,64,1080,2088960
2026-06-19_jua365_win_04_solid_colors.pcapng,20101,35.636885000,20099,0,58524032,22496,22496,7,22448,9000,6,64,1080,1920,1920,25864944,27953904,13,48,64,1080,2088960
2026-06-19_jua365_win_04_solid_colors.pcapng,20241,35.735408000,20239,0,52938720,22496,22496,7,22448,9006,6,64,1080,1920,1920,12932496,15021456,13,48,64,1080,2088960
2026-06-19_jua365_win_04_solid_colors.pcapng,21418,37.919186000,21416,0,53958560,74720,74720,7,74672,9024,6,320,1080,1920,1920,48,2089008,13,48,320,1080,2088960
2026-06-19_jua365_win_04_solid_colors.pcapng,21432,37.934087000,21430,0,54033280,22496,22496,7,22448,9025,6,64,1080,1920,1920,48,2089008,13,48,64,1080,2088960
2026-06-19_jua365_win_04_solid_colors.pcapng,21463,37.967578000,21461,0,54565696,22496,22496,7,22448,9027,6,64,1080,1920,1920,12932496,15021456,13,48,64,1080,2088960
2026-06-19_jua365_win_04_solid_colors.pcapng,21648,38.201684000,21646,0,57857408,22496,22496,7,22448,9041,6,64,1080,1920,1920,12932496,15021456,13,48,64,1080,2088960
2026-06-19_jua365_win_04_solid_colors.pcapng,21676,38.233117000,21674,0,58389824,22496,22496,7,22448,9043,6,64,1080,1920,1920,25864944,27953904,13,48,64,1080,2088960
2026-06-19_jua365_win_04_solid_colors.pcapng,21726,38.284428000,21724,0,59432160,74720,74720,7,74672,9046,6,320,1080,1920,1920,12932496,15021456,13,48,320,1080,2088960
2026-06-19_jua365_win_04_solid_colors.pcapng,21734,38.299119000,21732,0,59506880,22496,22496,7,22448,9047,6,64,1080,1920,1920,12932496,15021456,13,48,64,1080,2088960
2026-06-19_jua365_win_04_solid_colors.pcapng,21742,38.317351000,21740,0,59529376,74720,74720,7,74672,9048,6,320,1080,1920,1920,12932496,15021456,13,48,320,1080,2088960
2026-06-19_jua365_win_04_solid_colors.pcapng,21752,38.332289000,21750,0,59604096,22496,22496,7,22448,9049,6,64,1080,1920,1920,12932496,15021456,13,48,64,1080,2088960
2026-06-19_jua365_win_04_solid_colors.pcapng,22598,39.401955000,22596,0,60431776,36832,36832,7,36784,9070,6,320,416,1920,1920,48,2089008,13,48,320,416,2088960
2026-06-19_jua365_win_04_solid_colors.pcapng,22618,39.434134000,22616,0,60621152,37856,37856,7,37808,9072,6,320,416,1920,1920,48,2089008,13,48,320,416,2088960
2026-06-19_jua365_win_04_solid_colors.pcapng,22640,39.468217000,22638,0,52750304,36832,36832,7,36784,9074,6,320,416,1920,1920,12932496,15021456,13,48,320,416,2088960
2026-06-19_jua365_win_04_solid_colors.pcapng,22648,39.483875000,22646,0,52787136,10208,10208,7,10160,9075,6,64,416,1920,1920,12932496,15021456,13,48,64,416,2088960
2026-06-19_jua365_win_04_solid_colors.pcapng,22900,39.748738000,22898,0,57013696,10208,10208,7,10160,9091,6,64,704,1920,1920,13302992,15207632,13,48,64,704,1904640
2026-06-19_jua365_win_04_solid_colors.pcapng,22908,39.765091000,22906,0,57023904,10208,10208,7,10160,9092,6,64,704,1920,1920,13302992,15207632,13,48,64,704,1904640
2026-06-19_jua365_win_04_solid_colors.pcapng,22914,39.781406000,22912,0,57034112,10208,10208,7,10160,9093,6,64,704,1920,1920,13302992,15207632,13,48,64,704,1904640
2026-06-19_jua365_win_04_solid_colors.pcapng,22962,39.850174000,22960,0,57517344,4064,4064,7,4016,9096,6,64,64,1920,1920,26911280,28478000,13,48,64,64,1566720
2026-06-19_jua365_win_04_solid_colors.pcapng,22966,39.850354000,22964,0,57521408,3040,3040,7,2992,9097,6,32,32,1920,1920,26972752,28508752,13,48,32,32,1536000
2026-06-19_jua365_win_05_partial_update.pcapng,231,0.167570000,229,0,58310080,18400,18400,7,18352,9585,6,320,224,1920,1920,12932496,15021456,13,48,320,224,2088960
2026-06-19_jua365_win_05_partial_update.pcapng,597,1.169904000,595,0,58603904,6112,6112,7,6064,9587,6,64,224,1920,1920,25864944,27953904,13,48,64,224,2088960
2026-06-19_jua365_win_05_partial_update.pcapng,1671,2.169684000,1669,0,58885440,6112,6112,7,6064,9589,6,64,224,1920,1920,48,2089008,13,48,64,224,2088960
2026-06-19_jua365_win_05_partial_update.pcapng,3514,3.169307000,3512,0,59166976,6112,6112,7,6064,9591,6,64,224,1920,1920,12932496,15021456,13,48,64,224,2088960
2026-06-19_jua365_win_05_partial_update.pcapng,5441,4.169773000,5439,0,59448512,27616,27616,7,27568,9593,6,1216,224,1920,1920,25864944,27953904,13,48,1216,224,2088960
2026-06-19_jua365_win_05_partial_update.pcapng,7335,5.170033000,7333,0,59751552,6112,6112,7,6064,9595,6,64,224,1920,1920,48,2089008,13,48,64,224,2088960
2026-06-19_jua365_win_05_partial_update.pcapng,9288,6.186648000,9285,0,60033088,27616,27616,7,27568,9597,6,1216,224,1920,1920,12932496,15021456,13,48,1216,224,2088960
2026-06-19_jua365_win_05_partial_update.pcapng,9723,7.187214000,9721,0,60336128,6112,6112,7,6064,9599,6,64,224,1920,1920,25864944,27953904,13,48,64,224,2088960
2026-06-19_jua365_win_05_partial_update.pcapng,10033,8.185282000,10031,0,60617664,6112,6112,7,6064,9601,6,64,224,1920,1920,48,2089008,13,48,64,224,2088960
2026-06-19_jua365_win_05_partial_update.pcapng,10551,8.934127000,10549,0,52820928,3040,3040,7,2992,9604,6,32,64,1920,1920,13917424,15514864,13,48,32,64,1597440
2026-06-19_jua365_win_05_partial_update.pcapng,10571,8.967733000,10569,0,52941696,5088,5088,7,5040,9606,6,64,64,1920,1920,13917392,15514832,13,48,64,64,1597440
2026-06-19_jua365_win_05_partial_update.pcapng,10587,9.000880000,10585,0,53064512,5088,5088,7,5040,9608,6,64,64,1920,1920,13917392,15514832,13,48,64,64,1597440
2026-06-19_jua365_win_05_partial_update.pcapng,10603,9.034558000,10601,0,53187328,4064,4064,7,4016,9610,6,64,64,1920,1920,13917392,15514832,13,48,64,64,1597440
2026-06-19_jua365_win_05_partial_update.pcapng,10619,9.067429000,10617,0,53308096,5088,5088,7,5040,9612,6,96,64,1920,1920,13917360,15514800,13,48,96,64,1597440
2026-06-19_jua365_win_05_partial_update.pcapng,10641,9.101061000,10639,0,53429888,5088,5088,7,5040,9614,6,96,64,1920,1920,13917360,15514800,13,48,96,64,1597440
2026-06-19_jua365_win_05_partial_update.pcapng,10673,9.134003000,10671,0,53547584,5088,5088,7,5040,9616,6,64,64,1920,1920,13917360,15514800,13,48,64,64,1597440
2026-06-19_jua365_win_05_partial_update.pcapng,10705,9.167343000,10703,0,53665280,5088,5088,7,5040,9618,6,64,64,1920,1920,13917360,15514800,13,48,64,64,1597440
2026-06-19_jua365_win_05_partial_update.pcapng,10741,9.200566000,10739,0,53785024,5088,5088,7,5040,9620,6,64,64,1920,1920,13917360,15514800,13,48,64,64,1597440
2026-06-19_jua365_win_05_partial_update.pcapng,10773,9.234035000,10771,0,53902720,5088,5088,7,5040,9622,6,64,64,1920,1920,13917360,15514800,13,48,64,64,1597440
2026-06-19_jua365_win_05_partial_update.pcapng,11565,10.185601000,11563,0,57587360,29664,29664,7,29616,9645,6,1216,224,1920,1920,25864944,27953904,13,48,1216,224,2088960
2026-06-19_jua365_win_05_partial_update.pcapng,12119,10.972043000,12117,0,52981664,71648,71648,7,71600,9666,6,1216,928,1920,1920,12932496,15021456,13,48,1216,928,2088960
2026-06-19_jua365_win_05_partial_update.pcapng,12129,10.984722000,12127,0,53053312,16352,16352,7,16304,9667,6,64,800,1920,1920,13178256,15144336,13,48,64,800,1966080
2026-06-19_jua365_win_05_partial_update.pcapng,12147,11.005221000,12145,0,53069664,71648,71648,7,71600,9668,6,1216,928,1920,1920,12932496,15021456,13,48,1216,928,2088960
2026-06-19_jua365_win_05_partial_update.pcapng,12157,11.017675000,12155,0,53141312,16352,16352,7,16304,9669,6,64,800,1920,1920,13178256,15144336,13,48,64,800,1966080
2026-06-19_jua365_win_05_partial_update.pcapng,12293,11.140856000,12291,0,54257248,71648,71648,7,71600,9676,6,1216,928,1920,1920,12932496,15021456,13,48,1216,928,2088960
2026-06-19_jua365_win_05_partial_update.pcapng,13959,12.584526000,13957,0,59098560,13280,13280,7,13232,9753,6,64,704,1920,1920,13302992,15207632,13,48,64,704,1904640
2026-06-19_jua365_win_05_partial_update.pcapng,13969,12.600474000,13967,0,59111840,13280,13280,7,13232,9754,6,64,704,1920,1920,13302992,15207632,13,48,64,704,1904640
2026-06-19_jua365_win_05_partial_update.pcapng,13983,12.617625000,13981,0,59125120,13280,13280,7,13232,9755,6,64,704,1920,1920,13302992,15207632,13,48,64,704,1904640
2026-06-19_jua365_win_05_partial_update.pcapng,13997,12.634236000,13995,0,59138400,13280,13280,7,13232,9756,6,64,704,1920,1920,13302992,15207632,13,48,64,704,1904640
2026-06-19_jua365_win_05_partial_update.pcapng,14011,12.650604000,14009,0,59151680,14304,14304,7,14256,9757,6,64,704,1920,1920,13302992,15207632,13,48,64,704,1904640
2026-06-19_jua365_win_05_partial_update.pcapng,14025,12.667080000,14023,0,59165984,13280,13280,7,13232,9758,6,64,704,1920,1920,13302992,15207632,13,48,64,704,1904640
2026-06-19_jua365_win_05_partial_update.pcapng,14039,12.684122000,14037,0,59179264,13280,13280,7,13232,9759,6,64,704,1920,1920,13302992,15207632,13,48,64,704,1904640
2026-06-19_jua365_win_05_partial_update.pcapng,14100,12.700630000,14098,0,59192544,12256,12256,7,12208,9760,6,64,704,1920,1920,13302992,15207632,13,48,64,704,1904640
2026-06-19_jua365_win_05_partial_update.pcapng,14213,12.717483000,14210,0,59204800,5088,5088,7,5040,9761,6,32,704,1920,1920,13303024,15207664,13,48,32,704,1904640
2026-06-19_jua365_win_05_partial_update.pcapng,14231,12.733629000,14229,0,59209888,5088,5088,7,5040,9762,6,32,704,1920,1920,13303024,15207664,13,48,32,704,1904640
2026-06-19_jua365_win_05_partial_update.pcapng,14399,13.016964000,14397,0,60343328,3040,3040,7,2992,9766,6,32,64,1920,1920,1476464,2828144,13,48,32,64,1351680
2026-06-19_jua365_win_05_partial_update.pcapng,14833,13.285569000,14831,0,54250368,97248,97248,7,97200,9771,6,320,1080,1920,1920,1584,2090544,13,48,320,1080,2088960
2026-06-19_jua365_win_05_partial_update.pcapng,14873,13.318668000,14871,0,54709056,97248,97248,7,97200,9773,6,320,1080,1920,1920,12934032,15022992,13,48,320,1080,2088960
2026-06-19_jua365_win_05_partial_update.pcapng,15083,13.384613000,15081,0,55680704,8160,8160,7,8112,9777,6,320,64,1920,1920,1584,2090544,13,48,320,64,2088960
2026-06-19_jua365_win_05_partial_update.pcapng,15095,13.388431000,15093,0,55848576,48096,48096,7,48048,9779,6,320,728,1920,1920,677424,2428464,13,48,320,728,1751040
2026-06-19_jua365_win_05_partial_update.pcapng,15609,14.100584000,15607,0,55148064,14304,14304,7,14256,9818,6,320,96,1920,1920,25866544,27955504,13,48,320,96,2088960
2026-06-19_jua365_win_05_partial_update.pcapng,15615,14.117427000,15613,0,55162368,22496,22496,7,22448,9819,6,1824,32,1920,1920,25864976,27953936,13,48,1824,32,2088960
2026-06-19_jua365_win_05_partial_update.pcapng,15623,14.133617000,15621,0,55184864,3040,3040,7,2992,9820,6,32,32,1920,1920,25866768,27955728,13,48,32,32,2088960
2026-06-19_jua365_win_05_partial_update.pcapng,15645,14.150952000,15643,0,55187904,22496,22496,7,22448,9821,6,1824,32,1920,1920,25864976,27953936,13,48,1824,32,2088960
2026-06-19_jua365_win_05_partial_update.pcapng,16059,14.735178000,16057,0,58265664,6112,6112,7,6064,9833,6,64,224,1920,1920,27402704,28723664,13,48,64,224,1320960
2026-06-19_jua365_win_05_partial_update.pcapng,16147,15.183288000,16145,0,58926080,3040,3040,7,2992,9835,6,32,64,1920,1920,369520,2274160,13,48,32,64,1904640
2026-06-19_jua365_win_05_partial_update.pcapng,16253,15.383278000,16251,0,59583424,5088,5088,7,5040,9837,6,64,64,1920,1920,12934320,15023280,13,48,64,64,2088960
2026-06-19_jua365_win_05_partial_update.pcapng,16282,15.400657000,16280,0,59588512,48096,48096,7,48048,9838,6,1856,64,1920,1920,12932528,15021488,13,48,1856,64,2088960
2026-06-19_jua365_win_05_partial_update.pcapng,16868,15.899992000,16866,0,58629536,3040,3040,7,2992,9860,6,32,64,1920,1920,677520,2428560,13,48,32,64,1751040
2026-06-19_jua365_win_05_partial_update.pcapng,16872,15.900316000,16870,0,58632576,4064,4064,7,4016,9861,6,64,64,1920,1920,800368,2489968,13,48,64,64,1689600
2026-06-19_jua365_win_05_partial_update.pcapng,17476,16.501388000,17474,0,53085120,3040,3040,7,2992,9890,6,32,64,1920,1920,26910928,28477648,13,48,32,64,1566720
2026-06-19_jua365_win_05_partial_update.pcapng,18355,17.234301000,18353,0,55208800,4064,4064,7,4016,9911,6,64,64,1920,1920,1353200,2766320,13,48,64,64,1413120
2026-06-19_jua365_win_05_partial_update.pcapng,18359,17.234457000,18357,0,55212864,3040,3040,7,2992,9912,6,64,64,1920,1920,1414640,2797040,13,48,64,64,1382400
2026-06-19_jua365_win_05_partial_update.pcapng,18575,17.400414000,18573,0,58642944,13280,13280,7,13232,9922,6,64,704,1920,1920,26235440,28140080,13,48,64,704,1904640
2026-06-19_jua365_win_05_partial_update.pcapng,18583,17.417394000,18581,0,58656224,13280,13280,7,13232,9923,6,64,704,1920,1920,26235440,28140080,13,48,64,704,1904640
2026-06-19_jua365_win_05_partial_update.pcapng,18589,17.434691000,18587,0,58669504,13280,13280,7,13232,9924,6,64,704,1920,1920,26235440,28140080,13,48,64,704,1904640
2026-06-19_jua365_win_05_partial_update.pcapng,18595,17.450461000,18593,0,58682784,13280,13280,7,13232,9925,6,64,704,1920,1920,26235440,28140080,13,48,64,704,1904640
2026-06-19_jua365_win_05_partial_update.pcapng,19475,18.184512000,19473,0,53403616,5088,5088,7,5040,9953,6,64,96,1920,1920,26603280,28323600,13,48,64,96,1720320
2026-06-19_jua365_win_05_partial_update.pcapng,19863,18.620825000,19861,0,59474368,4064,4064,7,4016,9970,6,32,288,1920,1920,26296912,28170832,13,48,32,288,1873920
2026-06-19_jua365_win_05_partial_update.pcapng,19867,18.620984000,19865,0,59478432,3040,3040,7,2992,9971,6,32,64,1920,1920,26603952,28324272,13,48,32,64,1720320
2026-06-19_jua365_win_05_partial_update.pcapng,19873,18.621197000,19871,0,59481472,5088,5088,7,5040,9972,6,64,160,1920,1920,26788240,28416400,13,48,64,160,1628160
2026-06-19_jua365_win_05_partial_update.pcapng,19877,18.621385000,19875,0,59486560,5088,5088,7,5040,9973,6,32,384,1920,1920,26788432,28416592,13,48,32,384,1628160
2026-06-19_jua365_win_05_partial_update.pcapng,19915,18.651167000,19913,0,60012832,3040,3040,7,2992,9975,6,32,32,1920,1920,739056,2459376,13,48,32,32,1720320
2026-06-19_jua365_win_05_partial_update.pcapng,20302,18.916809000,20300,0,56084160,3040,3040,7,2992,9987,6,64,32,1920,1920,739056,2459376,13,48,64,32,1720320
2026-06-19_jua365_win_05_partial_update.pcapng,20390,18.950682000,20388,0,56608384,13280,13280,7,13232,9989,6,64,704,1920,1920,13302992,15207632,13,48,64,704,1904640
2026-06-19_jua365_win_05_partial_update.pcapng,20406,18.967629000,20404,0,56621664,13280,13280,7,13232,9990,6,64,704,1920,1920,13302992,15207632,13,48,64,704,1904640
2026-06-19_jua365_win_05_partial_update.pcapng,20433,18.983596000,20431,0,56634944,13280,13280,7,13232,9991,6,64,704,1920,1920,13302992,15207632,13,48,64,704,1904640
2026-06-19_jua365_win_05_partial_update.pcapng,20488,19.000811000,20486,0,56648224,14304,14304,7,14256,9992,6,64,704,1920,1920,13302992,15207632,13,48,64,704,1904640
2026-06-19_jua365_win_05_partial_update.pcapng,20521,19.017815000,20519,0,56662528,13280,13280,7,13232,9993,6,64,704,1920,1920,13302992,15207632,13,48,64,704,1904640
2026-06-19_jua365_win_05_partial_update.pcapng,20535,19.035315000,20533,0,56675808,13280,13280,7,13232,9994,6,64,704,1920,1920,13302992,15207632,13,48,64,704,1904640
2026-06-19_jua365_win_05_partial_update.pcapng,20612,19.051050000,20609,0,56689088,12256,12256,7,12208,9995,6,64,704,1920,1920,13302992,15207632,13,48,64,704,1904640
2026-06-19_jua365_win_05_partial_update.pcapng,20667,19.084084000,20665,0,57220480,2016,2016,7,1968,9997,6,32,128,1920,1920,26235472,28140112,13,48,32,128,1904640
2026-06-19_jua365_win_05_partial_update.pcapng,20671,19.084261000,20669,0,57222496,6112,6112,7,6064,9998,6,64,224,1920,1920,26419600,28232080,13,48,64,224,1812480
2026-06-19_jua365_win_05_partial_update.pcapng,20675,19.084425000,20673,0,57228608,5088,5088,7,5040,9999,6,32,608,1920,1920,26419792,28232272,13,48,32,608,1812480
2026-06-19_jua365_win_05_partial_update.pcapng,20733,19.117854000,20731,0,57752832,6112,6112,7,6064,10001,6,64,224,1920,1920,554704,2367184,13,48,64,224,1812480
2026-06-19_jua365_win_05_partial_update.pcapng,20757,19.151399000,20755,0,57758944,8160,8160,7,8112,10002,6,64,320,1920,1920,554704,2367184,13,48,64,320,1812480
2026-06-19_jua365_win_05_partial_update.pcapng,20799,19.185702000,20797,0,58049696,53216,53216,7,53168,10004,6,672,224,1920,1920,554096,2366576,13,48,672,224,1812480
2026-06-19_jua365_win_05_partial_update.pcapng,20989,19.633976000,20987,0,59076704,4064,4064,7,4016,10006,6,64,128,1920,1920,13855792,15483952,13,48,64,128,1628160
2026-06-19_jua365_win_05_partial_update.pcapng,21119,19.767013000,21117,0,60054560,6112,6112,7,6064,10008,6,64,224,1920,1920,26419600,28232080,13,48,64,224,1812480
2026-06-19_jua365_win_05_partial_update.pcapng,21155,19.800679000,21153,0,60343264,6112,6112,7,6064,10010,6,64,224,1920,1920,26419600,28232080,13,48,64,224,1812480
2026-06-19_jua365_win_05_partial_update.pcapng,21197,19.833839000,21195,0,60630944,6112,6112,7,6064,10012,6,64,224,1920,1920,26419600,28232080,13,48,64,224,1812480
2026-06-19_jua365_win_05_partial_update.pcapng,21233,19.867040000,21231,0,52710368,6112,6112,7,6064,10014,6,64,224,1920,1920,26419600,28232080,13,48,64,224,1812480
2026-06-19_jua365_win_05_partial_update.pcapng,21273,19.901019000,21271,0,52998048,6112,6112,7,6064,10016,6,64,224,1920,1920,26419600,28232080,13,48,64,224,1812480
2026-06-19_jua365_win_05_partial_update.pcapng,21309,19.935475000,21307,0,53286752,6112,6112,7,6064,10018,6,64,224,1920,1920,26419600,28232080,13,48,64,224,1812480
2026-06-19_jua365_win_05_partial_update.pcapng,21355,19.970636000,21353,0,53810976,7136,7136,7,7088,10020,6,64,224,1920,1920,554704,2367184,13,48,64,224,1812480
2026-06-19_jua365_win_05_partial_update.pcapng,21601,20.101051000,21599,0,55410336,8160,8160,7,8112,10024,6,64,320,1920,1920,13487152,15299632,13,48,64,320,1812480
2026-06-19_jua365_win_05_partial_update.pcapng,21648,20.134774000,21646,0,55418496,3040,3040,7,2992,10025,6,64,32,1920,1920,13671504,15391824,13,48,64,32,1720320
2026-06-19_jua365_win_05_partial_update.pcapng,22331,20.700154000,22329,0,57638496,5088,5088,7,5040,10053,6,32,704,1920,1920,370576,2275216,13,48,32,704,1904640
2026-06-19_jua365_win_05_partial_update.pcapng,24771,22.984305000,24769,0,55706304,4064,4064,7,4016,10151,6,64,128,1920,1920,13732080,15421680,13,48,64,128,1689600
2026-06-19_jua365_win_05_partial_update.pcapng,25515,23.766470000,25513,0,55539328,4064,4064,7,4016,10176,6,64,128,1920,1920,13793616,15452496,13,48,64,128,1658880
2026-06-19_jua365_win_05_partial_update.pcapng,25743,24.099855000,25741,0,59156704,5088,5088,7,5040,10189,6,64,160,1920,1920,26726288,28385168,13,48,64,160,1658880
2026-06-19_jua365_win_05_partial_update.pcapng,25791,24.216339000,25789,0,60121248,4064,4064,7,4016,10191,6,64,64,1920,1920,615024,2396784,13,48,64,64,1781760
2026-06-19_jua365_win_05_partial_update.pcapng,26418,24.769074000,26416,0,59051392,13280,13280,7,13232,10215,6,64,704,1920,1920,13302992,15207632,13,48,64,704,1904640
2026-06-19_jua365_win_05_partial_update.pcapng,26436,24.785550000,26434,0,59064672,13280,13280,7,13232,10216,6,64,704,1920,1920,13302992,15207632,13,48,64,704,1904640
2026-06-19_jua365_win_05_partial_update.pcapng,26508,24.817903000,26506,0,59594016,13280,13280,7,13232,10218,6,64,704,1920,1920,26235440,28140080,13,48,64,704,1904640
2026-06-19_jua365_win_03_resolution_change.pcapng,921,0.774396000,919,0,59835968,31712,31712,7,31664,453,6,64,1080,1920,1920,47884720,49973680,13,48,64,1080,2088960
2026-06-19_jua365_win_03_resolution_change.pcapng,1017,0.807687000,1015,0,60339712,31712,31712,7,31664,455,6,64,1080,1920,1920,47884720,49973680,13,48,64,1080,2088960
2026-06-19_jua365_win_03_resolution_change.pcapng,1059,0.840781000,1057,0,52900832,31712,31712,7,31664,457,6,64,1080,1920,1920,47884720,49973680,13,48,64,1080,2088960
2026-06-19_jua365_win_03_resolution_change.pcapng,1159,1.007660000,1157,0,54644608,31712,31712,7,31664,460,6,64,1080,1920,1920,38798384,40887344,13,48,64,1080,2088960
2026-06-19_jua365_win_03_resolution_change.pcapng,1195,1.040583000,1193,0,55148352,31712,31712,7,31664,462,6,64,1080,1920,1920,38798384,40887344,13,48,64,1080,2088960
2026-06-19_jua365_win_03_resolution_change.pcapng,1231,1.073707000,1229,0,55662336,31712,31712,7,31664,464,6,64,1080,1920,1920,38798384,40887344,13,48,64,1080,2088960
2026-06-19_jua365_win_03_resolution_change.pcapng,2329,1.939890000,2327,0,57641632,31712,31712,7,31664,501,6,64,1080,1920,1920,47884720,49973680,13,48,64,1080,2088960
2026-06-19_jua365_win_03_resolution_change.pcapng,2553,2.339394000,2551,0,59857440,31712,31712,7,31664,505,6,64,1080,1920,1920,38798384,40887344,13,48,64,1080,2088960
2026-06-19_jua365_win_03_resolution_change.pcapng,2589,2.389814000,2587,0,60371424,31712,31712,7,31664,507,6,64,1080,1920,1920,38798384,40887344,13,48,64,1080,2088960
2026-06-19_jua365_win_03_resolution_change.pcapng,3550,6.556098000,3548,0,54140864,31712,31712,7,31664,510,6,64,1080,1920,1920,43341552,45430512,13,48,64,1080,2088960
2026-06-19_jua365_win_03_resolution_change.pcapng,3601,6.588446000,3599,0,54644608,31712,31712,7,31664,512,6,64,1080,1920,1920,43341552,45430512,13,48,64,1080,2088960
2026-06-19_jua365_win_03_resolution_change.pcapng,3689,6.621788000,3687,0,55148352,31712,31712,7,31664,514,6,64,1080,1920,1920,43341552,45430512,13,48,64,1080,2088960
2026-06-19_jua365_win_03_resolution_change.pcapng,3741,6.688503000,3739,0,56134368,31712,31712,7,31664,517,6,64,1080,1920,1920,43341552,45430512,13,48,64,1080,2088960
2026-06-19_jua365_win_03_resolution_change.pcapng,3769,6.721690000,3767,0,56638112,31712,31712,7,31664,519,6,64,1080,1920,1920,43341552,45430512,13,48,64,1080,2088960
2026-06-19_jua365_win_03_resolution_change.pcapng,3797,6.755119000,3795,0,57152096,31712,31712,7,31664,521,6,64,1080,1920,1920,43341552,45430512,13,48,64,1080,2088960
2026-06-19_jua365_win_03_resolution_change.pcapng,3825,6.788226000,3823,0,57655840,31712,31712,7,31664,523,6,64,1080,1920,1920,43341552,45430512,13,48,64,1080,2088960
2026-06-19_jua365_win_03_resolution_change.pcapng,3853,6.821662000,3851,0,58159584,31712,31712,7,31664,525,6,64,1080,1920,1920,43341552,45430512,13,48,64,1080,2088960
2026-06-19_jua365_win_03_resolution_change.pcapng,3881,6.854910000,3879,0,58673568,31712,31712,7,31664,527,6,64,1080,1920,1920,43341552,45430512,13,48,64,1080,2088960
2026-06-19_jua365_win_03_resolution_change.pcapng,3909,6.888287000,3907,0,59177312,31712,31712,7,31664,529,6,64,1080,1920,1920,43341552,45430512,13,48,64,1080,2088960
2026-06-19_jua365_win_03_resolution_change.pcapng,3937,6.921724000,3935,0,59681056,31712,31712,7,31664,531,6,64,1080,1920,1920,43341552,45430512,13,48,64,1080,2088960
2026-06-19_jua365_win_03_resolution_change.pcapng,3964,6.954841000,3962,0,60195040,31712,31712,7,31664,533,6,64,1080,1920,1920,43341552,45430512,13,48,64,1080,2088960
2026-06-19_jua365_win_03_resolution_change.pcapng,3992,6.988097000,3990,0,60698784,31712,31712,7,31664,535,6,64,1080,1920,1920,43341552,45430512,13,48,64,1080,2088960
2026-06-19_jua365_win_03_resolution_change.pcapng,4020,7.021595000,4018,0,52900832,31712,31712,7,31664,537,6,64,1080,1920,1920,43341552,45430512,13,48,64,1080,2088960
2026-06-19_jua365_win_03_resolution_change.pcapng,4070,7.088708000,4068,0,53886848,31712,31712,7,31664,540,6,64,1080,1920,1920,43341552,45430512,13,48,64,1080,2088960
2026-06-19_jua365_win_03_resolution_change.pcapng,4098,7.121948000,4096,0,54390592,31712,31712,7,31664,542,6,64,1080,1920,1920,43341552,45430512,13,48,64,1080,2088960
2026-06-19_jua365_win_03_resolution_change.pcapng,4126,7.171993000,4124,0,54904576,31712,31712,7,31664,544,6,64,1080,1920,1920,43341552,45430512,13,48,64,1080,2088960
2026-06-19_jua365_win_03_resolution_change.pcapng,4154,7.205189000,4152,0,55408320,31712,31712,7,31664,546,6,64,1080,1920,1920,43341552,45430512,13,48,64,1080,2088960
2026-06-19_jua365_win_03_resolution_change.pcapng,4182,7.238395000,4180,0,55912064,31712,31712,7,31664,548,6,64,1080,1920,1920,43341552,45430512,13,48,64,1080,2088960
2026-06-19_jua365_win_03_resolution_change.pcapng,4210,7.274261000,4208,0,56426048,31712,31712,7,31664,550,6,64,1080,1920,1920,43341552,45430512,13,48,64,1080,2088960
2026-06-19_jua365_win_03_resolution_change.pcapng,4238,7.306088000,4236,0,56929792,31712,31712,7,31664,552,6,64,1080,1920,1920,43341552,45430512,13,48,64,1080,2088960
2026-06-19_jua365_win_03_resolution_change.pcapng,4266,7.338833000,4264,0,57433536,31712,31712,7,31664,554,6,64,1080,1920,1920,43341552,45430512,13,48,64,1080,2088960
2026-06-19_jua365_win_03_resolution_change.pcapng,4294,7.372450000,4292,0,57947520,31712,31712,7,31664,556,6,64,1080,1920,1920,43341552,45430512,13,48,64,1080,2088960
2026-06-19_jua365_win_03_resolution_change.pcapng,4322,7.406061000,4320,0,58451264,31712,31712,7,31664,558,6,64,1080,1920,1920,43341552,45430512,13,48,64,1080,2088960
2026-06-19_jua365_win_03_resolution_change.pcapng,4786,7.709665000,4784,0,55852928,31712,31712,7,31664,566,6,64,1080,1920,1920,43341552,45430512,13,48,64,1080,2088960
2026-06-19_jua365_win_03_resolution_change.pcapng,4964,7.938881000,4962,0,57124672,31712,31712,7,31664,568,6,64,1080,1920,1920,47884720,49973680,13,48,64,1080,2088960
2026-06-19_jua365_win_03_resolution_change.pcapng,4978,7.972130000,4976,0,57156384,31712,31712,7,31664,569,6,64,1080,1920,1920,47884720,49973680,13,48,64,1080,2088960
2026-06-19_jua365_win_03_resolution_change.pcapng,5082,8.071704000,5080,0,58910400,31712,31712,7,31664,572,6,64,1080,1920,1920,38798384,40887344,13,48,64,1080,2088960
2026-06-19_jua365_win_03_resolution_change.pcapng,5622,9.655504000,5620,0,54151104,31712,31712,7,31664,577,6,64,1080,1920,1920,47884720,49973680,13,48,64,1080,2088960
2026-06-19_jua365_win_03_resolution_change.pcapng,5636,9.688793000,5634,0,54182816,31712,31712,7,31664,578,6,64,1080,1920,1920,47884720,49973680,13,48,64,1080,2088960
2026-06-19_jua365_win_03_resolution_change.pcapng,6112,10.972725000,6110,0,57659136,31712,31712,7,31664,583,6,64,1080,1920,1920,43341552,45430512,13,48,64,1080,2088960
2026-06-19_jua365_win_03_resolution_change.pcapng,7696,13.957570000,7694,0,53668832,31712,31712,7,31664,599,6,64,1080,1920,1920,43341552,45430512,13,48,64,1080,2088960
2026-06-19_jua365_win_03_resolution_change.pcapng,8296,15.488848000,8294,0,60089984,10208,10208,7,10160,610,6,864,32,1920,1920,38798384,40887344,13,48,864,32,2088960
2026-06-19_jua365_win_03_resolution_change.pcapng,8302,15.506825000,8300,0,60100192,20448,20448,7,20400,611,6,1920,32,1920,1920,38798384,40887344,13,48,1920,32,2088960
2026-06-19_jua365_win_03_resolution_change.pcapng,8541,15.789217000,8539,0,54963040,11232,11232,7,11184,618,6,928,32,1920,1920,47884720,49973680,13,48,928,32,2088960
2026-06-19_jua365_win_03_resolution_change.pcapng,8842,16.208828000,8840,0,57716224,17376,17376,7,17328,629,6,864,64,1920,1920,43341552,45430512,13,48,864,64,2088960
2026-06-19_jua365_win_03_resolution_change.pcapng,8846,16.209298000,8844,0,57733600,28640,28640,7,28592,630,6,96,1048,1920,1920,43402992,45461232,13,48,96,1048,2058240
2026-06-19_jua365_win_03_resolution_change.pcapng,8908,16.306118000,8906,0,58735904,23520,23520,7,23472,636,6,96,864,1920,1920,43341552,45430512,13,48,96,864,2088960
2026-06-19_jua365_win_03_resolution_change.pcapng,8924,16.341239000,8922,0,58950880,20448,20448,7,20400,638,6,96,704,1920,1920,43648752,45584112,13,48,96,704,1935360
2026-06-19_jua365_win_03_resolution_change.pcapng,8944,16.374703000,8942,0,59180192,27616,27616,7,27568,640,6,96,920,1920,1920,43648752,45584112,13,48,96,920,1935360
2026-06-19_jua365_win_03_resolution_change.pcapng,8960,16.411776000,8958,0,59386976,23520,23520,7,23472,642,6,96,800,1920,1920,43648752,45584112,13,48,96,800,1935360
2026-06-19_jua365_win_03_resolution_change.pcapng,8976,16.441138000,8974,0,59568160,21472,21472,7,21424,644,6,96,736,1920,1920,43648752,45584112,13,48,96,736,1935360
2026-06-19_jua365_win_03_resolution_change.pcapng,9042,16.506186000,9040,0,52985824,25568,25568,7,25520,648,6,96,672,1920,1920,39167024,41071664,13,48,96,672,1904640
2026-06-19_jua365_win_03_resolution_change.pcapng,9064,16.539722000,9062,0,53260192,22496,22496,7,22448,650,6,96,576,1920,1920,39351344,41163824,13,48,96,576,1812480
2026-06-19_jua365_win_03_resolution_change.pcapng,9084,16.572027000,9082,0,53545824,19424,19424,7,19376,652,6,96,480,1920,1920,39535664,41255984,13,48,96,480,1720320
2026-06-19_jua365_win_03_resolution_change.pcapng,9104,16.605270000,9102,0,53813024,17376,17376,7,17328,654,6,96,416,1920,1920,39658544,41317424,13,48,96,416,1658880
2026-06-19_jua365_win_03_resolution_change.pcapng,9124,16.638136000,9122,0,54078176,3040,3040,7,2992,656,6,64,64,1920,1920,40334384,41655344,13,48,64,64,1320960
2026-06-19_jua365_win_03_resolution_change.pcapng,9144,16.671486000,9142,0,54344352,3040,3040,7,2992,658,6,64,64,1920,1920,40334384,41655344,13,48,64,64,1320960
2026-06-19_jua365_win_03_resolution_change.pcapng,9164,16.704764000,9162,0,54595168,3040,3040,7,2992,660,6,64,64,1920,1920,40334384,41655344,13,48,64,64,1320960
2026-06-19_jua365_win_03_resolution_change.pcapng,9184,16.738324000,9182,0,54845984,3040,3040,7,2992,662,6,64,64,1920,1920,40334384,41655344,13,48,64,64,1320960
2026-06-19_jua365_win_03_resolution_change.pcapng,9204,16.771711000,9202,0,55112160,3040,3040,7,2992,664,6,64,64,1920,1920,40334384,41655344,13,48,64,64,1320960
2026-06-19_jua365_win_03_resolution_change.pcapng,9224,16.804659000,9222,0,55362976,3040,3040,7,2992,666,6,64,64,1920,1920,40334384,41655344,13,48,64,64,1320960
2026-06-19_jua365_win_03_resolution_change.pcapng,9568,17.755583000,9566,0,56684864,22496,22496,7,22448,669,6,1920,32,1920,1920,43341552,45430512,13,48,1920,32,2088960
2026-06-19_jua365_win_03_resolution_change.pcapng,9574,17.771988000,9572,0,56707360,10208,10208,7,10160,670,6,928,32,1920,1920,43341552,45430512,13,48,928,32,2088960
2026-06-19_jua365_win_03_resolution_change.pcapng,9648,17.921867000,9646,0,57788640,22496,22496,7,22448,672,6,1920,32,1920,1920,47884720,49973680,13,48,1920,32,2088960
2026-06-19_jua365_win_03_resolution_change.pcapng,9658,17.938740000,9656,0,57811136,22496,22496,7,22448,673,6,1920,32,1920,1920,47884720,49973680,13,48,1920,32,2088960
2026-06-19_jua365_win_03_resolution_change.pcapng,9919,18.188451000,9917,0,58904704,22496,22496,7,22448,675,6,1920,32,1920,1920,38798384,40887344,13,48,1920,32,2088960
2026-06-19_jua365_win_03_resolution_change.pcapng,10146,18.871678000,10144,0,59998272,22496,22496,7,22448,677,6,1920,32,1920,1920,43341552,45430512,13,48,1920,32,2088960
2026-06-19_jua365_win_03_resolution_change.pcapng,10556,19.655444000,10554,0,53499872,10208,10208,7,10160,679,6,928,32,1920,1920,47884720,49973680,13,48,928,32,2088960
2026-06-19_jua365_win_03_resolution_change.pcapng,10570,19.688745000,10568,0,53510080,10208,10208,7,10160,680,6,864,32,1920,1920,47884720,49973680,13,48,864,32,2088960
2026-06-19_jua365_win_03_resolution_change.pcapng,10638,19.759762000,10636,0,54591360,10208,10208,7,10160,682,6,928,32,1920,1920,38798384,40887344,13,48,928,32,2088960
2026-06-19_jua365_win_03_resolution_change.pcapng,11028,20.821875000,11026,0,55672640,10208,10208,7,10160,684,6,864,32,1920,1920,43341552,45430512,13,48,864,32,2088960
2026-06-19_jua365_win_03_resolution_change.pcapng,11142,21.088954000,11140,0,56753920,10208,10208,7,10160,686,6,864,32,1920,1920,47884720,49973680,13,48,864,32,2088960
2026-06-19_jua365_win_03_resolution_change.pcapng,11156,21.121764000,11154,0,56764128,10208,10208,7,10160,687,6,864,32,1920,1920,47884720,49973680,13,48,864,32,2088960
2026-06-19_jua365_win_03_resolution_change.pcapng,11170,21.155118000,11168,0,56774336,10208,10208,7,10160,688,6,928,32,1920,1920,47884720,49973680,13,48,928,32,2088960
2026-06-19_jua365_win_03_resolution_change.pcapng,11950,24.888463000,11948,0,57855616,10208,10208,7,10160,690,6,864,32,1920,1920,38798384,40887344,13,48,864,32,2088960
2026-06-19_jua365_win_03_resolution_change.pcapng,12246,25.905043000,12244,0,58936896,10208,10208,7,10160,692,6,864,32,1920,1920,43341552,45430512,13,48,864,32,2088960
2026-06-19_jua365_win_03_resolution_change.pcapng,13262,29.971525000,13260,0,60018176,10208,10208,7,10160,694,6,864,32,1920,1920,47884720,49973680,13,48,864,32,2088960
2026-06-19_jua365_win_03_resolution_change.pcapng,14100,31.473792000,14098,0,57240256,31712,31712,7,31664,715,6,1920,280,1920,1920,40334384,41655344,13,48,1920,280,1320960
2026-06-19_jua365_win_03_resolution_change.pcapng,14197,31.824182000,14195,0,59454048,8160,8160,7,8112,718,6,704,32,1920,1920,47884720,49973680,13,48,704,32,2088960
2026-06-19_jua365_win_03_resolution_change.pcapng,14215,31.828443000,14213,0,59678240,8160,8160,7,8112,720,6,32,1080,1920,1920,47886608,49975568,13,48,32,1080,2088960
2026-06-19_jua365_win_03_resolution_change.pcapng,14223,31.838848000,14221,0,59686400,3040,3040,7,2992,721,6,96,32,1920,1920,47885328,49974288,13,48,96,32,2088960
2026-06-19_jua365_win_03_resolution_change.pcapng,14227,31.839216000,14225,0,59689440,33760,33760,7,33712,722,6,96,736,1920,1920,47885328,49974288,13,48,96,736,2088960
2026-06-19_jua365_win_03_resolution_change.pcapng,14233,31.839610000,14231,0,59723200,8160,8160,7,8112,723,6,32,1080,1920,1920,47886608,49975568,13,48,32,1080,2088960
2026-06-19_jua365_win_03_resolution_change.pcapng,14279,31.889810000,14277,0,60502368,33760,33760,7,33712,726,6,96,736,1920,1920,47885328,49974288,13,48,96,736,2088960
2026-06-19_jua365_win_03_resolution_change.pcapng,14309,31.925158000,14307,0,52871136,20448,20448,7,20400,728,6,64,736,1920,1920,47884720,49973680,13,48,64,736,2088960
2026-06-19_jua365_win_03_resolution_change.pcapng,14313,31.925559000,14311,0,52891584,37856,37856,7,37808,729,6,96,736,1920,1920,47885328,49974288,13,48,96,736,2088960
2026-06-19_jua365_win_03_resolution_change.pcapng,14339,31.989780000,14337,0,53323648,20448,20448,7,20400,731,6,64,736,1920,1920,47884720,49973680,13,48,64,736,2088960
2026-06-19_jua365_win_03_resolution_change.pcapng,14881,32.296538000,14879,0,60249632,20448,20448,7,20400,742,6,64,736,1920,1920,38798384,40887344,13,48,64,736,2088960
2026-06-19_jua365_win_03_resolution_change.pcapng,14913,32.321701000,14911,0,52974560,13280,13280,7,13232,744,6,320,160,1920,1920,38798384,40887344,13,48,320,160,2088960
2026-06-19_jua365_win_03_resolution_change.pcapng,14921,32.339772000,14919,0,52987840,72672,72672,7,72624,745,6,1216,192,1920,1920,38798384,40887344,13,48,1216,192,2088960
2026-06-19_jua365_win_03_resolution_change.pcapng,14927,32.355695000,14925,0,53060512,19424,19424,7,19376,746,6,320,224,1920,1920,38798384,40887344,13,48,320,224,2088960
2026-06-19_jua365_win_03_resolution_change.pcapng,14943,32.392284000,14941,0,53189472,28640,28640,7,28592,748,6,320,288,1920,1920,38798384,40887344,13,48,320,288,2088960
2026-06-19_jua365_win_03_resolution_change.pcapng,14959,32.422569000,14957,0,53344032,32736,32736,7,32688,750,6,320,320,1920,1920,38798384,40887344,13,48,320,320,2088960
2026-06-19_jua365_win_03_resolution_change.pcapng,14975,32.455539000,14973,0,53544672,9184,9184,7,9136,752,6,64,256,1920,1920,39044144,41010224,13,48,64,256,1966080
2026-06-19_jua365_win_03_resolution_change.pcapng,14995,32.489059000,14993,0,53760672,9184,9184,7,9136,754,6,64,288,1920,1920,39044144,41010224,13,48,64,288,1966080
2026-06-19_jua365_win_03_resolution_change.pcapng,15015,32.522410000,15013,0,53998176,11232,11232,7,11184,756,6,64,352,1920,1920,39044144,41010224,13,48,64,352,1966080
2026-06-19_jua365_win_03_resolution_change.pcapng,15035,32.555834000,15033,0,54283808,12256,12256,7,12208,758,6,64,384,1920,1920,39044144,41010224,13,48,64,384,1966080
2026-06-19_jua365_win_03_resolution_change.pcapng,15055,32.592629000,15053,0,54563296,27616,27616,7,27568,760,6,64,1080,1920,1920,38798384,40887344,13,48,64,1080,2088960
2026-06-19_jua365_win_03_resolution_change.pcapng,15085,32.623876000,15083,0,55135648,12256,12256,7,12208,762,6,64,384,1920,1920,39044144,41010224,13,48,64,384,1966080
2026-06-19_jua365_win_03_resolution_change.pcapng,15177,32.688226000,15175,0,57009440,12256,12256,7,12208,766,6,64,384,1920,1920,48253360,50158000,13,48,64,384,1904640
2026-06-19_jua365_win_03_resolution_change.pcapng,15199,32.721490000,15197,0,57271520,11232,11232,7,11184,768,6,64,352,1920,1920,48376240,50219440,13,48,64,352,1843200
2026-06-19_jua365_win_03_resolution_change.pcapng,15219,32.754757000,15217,0,57557152,12256,12256,7,12208,770,6,64,384,1920,1920,48437680,50250160,13,48,64,384,1812480
2026-06-19_jua365_win_03_resolution_change.pcapng,15243,32.788049000,15241,0,57901152,14304,14304,7,14256,772,6,64,480,1920,1920,48560560,50311600,13,48,64,480,1751040
2026-06-19_jua365_win_03_resolution_change.pcapng,15267,32.821519000,15263,0,58295328,15328,15328,7,15280,774,6,64,480,1920,1920,48683440,50373040,13,48,64,480,1689600
2026-06-19_jua365_win_03_resolution_change.pcapng,15289,32.854706000,15287,0,58713056,13280,13280,7,13232,776,6,64,416,1920,1920,48806320,50434480,13,48,64,416,1628160
2026-06-19_jua365_win_03_resolution_change.pcapng,15313,32.887893000,15311,0,59134880,13280,13280,7,13232,778,6,64,416,1920,1920,48867760,50465200,13,48,64,416,1597440
2026-06-19_jua365_win_03_resolution_change.pcapng,15339,32.921648000,15337,0,59556704,14304,14304,7,14256,780,6,64,416,1920,1920,48867760,50465200,13,48,64,416,1597440
2026-06-19_jua365_win_03_resolution_change.pcapng,15365,32.954778000,15363,0,59988768,14304,14304,7,14256,782,6,64,416,1920,1920,48867760,50465200,13,48,64,416,1597440
2026-06-19_jua365_win_03_resolution_change.pcapng,15393,32.988058000,15391,0,60425952,14304,14304,7,14256,784,6,64,448,1920,1920,48867760,50465200,13,48,64,448,1597440
2026-06-19_jua365_win_03_resolution_change.pcapng,15421,33.021370000,15419,0,52851680,13280,13280,7,13232,786,6,64,384,1920,1920,48867760,50465200,13,48,64,384,1597440
2026-06-19_jua365_win_03_resolution_change.pcapng,15447,33.054508000,15445,0,53220256,10208,10208,7,10160,788,6,64,288,1920,1920,48867760,50465200,13,48,64,288,1597440
2026-06-19_jua365_win_03_resolution_change.pcapng,15471,33.088597000,15469,0,53577568,10208,10208,7,10160,790,6,64,288,1920,1920,48867760,50465200,13,48,64,288,1597440
2026-06-19_jua365_win_03_resolution_change.pcapng,15495,33.121299000,15493,0,53934880,10208,10208,7,10160,792,6,64,288,1920,1920,48867760,50465200,13,48,64,288,1597440
2026-06-19_jua365_win_03_resolution_change.pcapng,15519,33.154516000,15517,0,54300384,10208,10208,7,10160,794,6,64,288,1920,1920,48867760,50465200,13,48,64,288,1597440
2026-06-19_jua365_win_03_resolution_change.pcapng,15572,33.188001000,15570,0,54657696,10208,10208,7,10160,796,6,64,288,1920,1920,48867760,50465200,13,48,64,288,1597440
2026-06-19_jua365_win_03_resolution_change.pcapng,15656,33.221304000,15654,0,55015008,10208,10208,7,10160,798,6,64,288,1920,1920,48867760,50465200,13,48,64,288,1597440
2026-06-19_jua365_win_03_resolution_change.pcapng,15699,33.254614000,15697,0,55380512,10208,10208,7,10160,800,6,64,288,1920,1920,48867760,50465200,13,48,64,288,1597440
2026-06-19_jua365_win_03_resolution_change.pcapng,15771,33.287725000,15769,0,55737824,9184,9184,7,9136,802,6,64,288,1920,1920,48867760,50465200,13,48,64,288,1597440
2026-06-19_jua365_win_03_resolution_change.pcapng,15819,33.321292000,15817,0,56094112,9184,9184,7,9136,804,6,64,288,1920,1920,48867760,50465200,13,48,64,288,1597440
2026-06-19_jua365_win_03_resolution_change.pcapng,15903,33.354378000,15901,0,56458592,9184,9184,7,9136,806,6,64,288,1920,1920,48867760,50465200,13,48,64,288,1597440
2026-06-19_jua365_win_03_resolution_change.pcapng,15927,33.387764000,15925,0,56814880,9184,9184,7,9136,808,6,64,256,1920,1920,48929200,50495920,13,48,64,256,1566720
2026-06-19_jua365_win_03_resolution_change.pcapng,15951,33.421404000,15949,0,57171168,6112,6112,7,6064,810,6,64,160,1920,1920,49113520,50588080,13,48,64,160,1474560
2026-06-19_jua365_win_03_resolution_change.pcapng,15957,33.438243000,15955,0,57177280,6112,6112,7,6064,811,6,64,128,1920,1920,49174960,50618800,13,48,64,128,1443840
2026-06-19_jua365_win_03_resolution_change.pcapng,15981,33.471588000,15979,0,57538688,4064,4064,7,4016,813,6,64,64,1920,1920,49297840,50680240,13,48,64,64,1382400
2026-06-19_jua365_win_03_resolution_change.pcapng,16075,34.288634000,16073,0,59259936,29664,29664,7,29616,816,6,64,1080,1920,1920,38798384,40887344,13,48,64,1080,2088960
2026-06-19_jua365_win_03_resolution_change.pcapng,16113,34.322091000,16111,0,59759584,29664,29664,7,29616,818,6,64,1080,1920,1920,38798384,40887344,13,48,64,1080,2088960
2026-06-19_jua365_win_03_resolution_change.pcapng,16176,34.355457000,16174,0,60259232,29664,29664,7,29616,820,6,64,1080,1920,1920,38798384,40887344,13,48,64,1080,2088960
2026-06-19_jua365_win_03_resolution_change.pcapng,18375,41.889131000,18373,0,54145984,29664,29664,7,29616,823,6,64,1080,1920,1920,43341552,45430512,13,48,64,1080,2088960
2026-06-19_jua365_win_03_resolution_change.pcapng,18411,41.922285000,18409,0,54645632,29664,29664,7,29616,825,6,64,1080,1920,1920,43341552,45430512,13,48,64,1080,2088960
2026-06-19_jua365_win_03_resolution_change.pcapng,18447,41.955709000,18445,0,55145280,29664,29664,7,29616,827,6,64,1080,1920,1920,43341552,45430512,13,48,64,1080,2088960
2026-06-19_jua365_win_03_resolution_change.pcapng,18475,41.988856000,18473,0,55655168,29664,29664,7,29616,829,6,64,1080,1920,1920,43341552,45430512,13,48,64,1080,2088960
2026-06-19_jua365_win_03_resolution_change.pcapng,19203,42.922634000,19201,0,57446112,29664,29664,7,29616,849,6,64,1080,1920,1920,47884720,49973680,13,48,64,1080,2088960
2026-06-19_jua365_win_03_resolution_change.pcapng,19239,42.955731000,19237,0,57956000,29664,29664,7,29616,851,6,64,1080,1920,1920,47884720,49973680,13,48,64,1080,2088960
2026-06-19_jua365_win_03_resolution_change.pcapng,19275,42.988756000,19273,0,58455648,29664,29664,7,29616,853,6,64,1080,1920,1920,47884720,49973680,13,48,64,1080,2088960
2026-06-19_jua365_win_03_resolution_change.pcapng,19321,43.055390000,19319,0,58955296,29664,29664,7,29616,855,6,64,1080,1920,1920,47884720,49973680,13,48,64,1080,2088960
2026-06-19_jua365_win_03_resolution_change.pcapng,19353,43.088747000,19351,0,59454944,29664,29664,7,29616,857,6,64,1080,1920,1920,47884720,49973680,13,48,64,1080,2088960
2026-06-19_jua365_win_03_resolution_change.pcapng,19381,43.122587000,19379,0,59954592,29664,29664,7,29616,859,6,64,1080,1920,1920,47884720,49973680,13,48,64,1080,2088960
